word,translation,pos,category,level,frequency,source
analyses,分析,noun,academic,7,65,AWL
analyst,分析,noun,academic,7,64,AWL
analytic,分析,noun,academic,7,63,AWL
analytical,分析,noun,academic,7,62,AWL
analytically,分析,noun,academic,7,61,AWL
approachable,方法/接近,noun/verb,academic,7,65,AWL
approached,方法/接近,noun/verb,academic,7,64,AWL
approaches,方法/接近,noun/verb,academic,7,63,AWL
approaching,方法/接近,noun/verb,academic,7,62,AWL
areas,领域,noun,academic,7,65,AWL
assess,评估,noun,academic,7,65,AWL
assessable,评估,noun,academic,7,64,AWL
assessed,评估,noun,academic,7,63,AWL
assesses,评估,noun,academic,7,62,AWL
assessing,评估,noun,academic,7,61,AWL
assessments,评估,noun,academic,7,65,AWL
reassess,评估,noun,academic,7,64,AWL
reassessed,评估,noun,academic,7,63,AWL
reassessing,评估,noun,academic,7,62,AWL
reassessment,评估,noun,academic,7,61,AWL
assumed,假设,verb,academic,7,65,AWL
assumes,假设,verb,academic,7,64,AWL
assuming,假设,verb,academic,7,63,AWL
assumption,假设,verb,academic,7,62,AWL
assumptions,假设,verb,academic,7,61,AWL
authoritative,权威,noun,academic,7,65,AWL
authorities,权威,noun,academic,7,64,AWL
availability,可用的,adjective,academic,7,65,AWL
unavailable,可用的,adjective,academic,7,64,AWL
beneficial,益处,noun/verb,academic,7,65,AWL
beneficiary,益处,noun/verb,academic,7,64,AWL
beneficiaries,益处,noun/verb,academic,7,63,AWL
benefited,益处,noun/verb,academic,7,62,AWL
benefiting,益处,noun/verb,academic,7,61,AWL
benefits,益处,noun/verb,academic,7,65,AWL
conception,概念,noun,academic,7,65,AWL
concepts,概念,noun,academic,7,64,AWL
conceptual,概念,noun,academic,7,63,AWL
conceptually,概念,noun,academic,7,62,AWL
consisted,由...组成,verb,academic,7,65,AWL
consistency,由...组成,verb,academic,7,64,AWL
consistent,由...组成,verb,academic,7,63,AWL
consistently,由...组成,verb,academic,7,62,AWL
consisting,由...组成,verb,academic,7,61,AWL
consists,由...组成,verb,academic,7,65,AWL
inconsistency,由...组成,verb,academic,7,64,AWL
inconsistent,由...组成,verb,academic,7,63,AWL
constituencies,构成,verb,academic,7,65,AWL
constituency,构成,verb,academic,7,64,AWL
constituent,构成,verb,academic,7,63,AWL
constituents,构成,verb,academic,7,62,AWL
constituted,构成,verb,academic,7,61,AWL
constitutes,构成,verb,academic,7,65,AWL
constituting,构成,verb,academic,7,64,AWL
constitution,构成,verb,academic,7,63,AWL
constitutional,构成,verb,academic,7,62,AWL
constitutions,构成,verb,academic,7,61,AWL
constitutive,构成,verb,academic,7,65,AWL
contexts,上下文,noun,academic,7,65,AWL
contextual,上下文,noun,academic,7,64,AWL
contextually,上下文,noun,academic,7,63,AWL
contracted,合同,noun/verb,academic,7,65,AWL
contracting,合同,noun/verb,academic,7,64,AWL
contractor,合同,noun/verb,academic,7,63,AWL
contractors,合同,noun/verb,academic,7,62,AWL
contracts,合同,noun/verb,academic,7,61,AWL
created,创造,verb,academic,7,65,AWL
creates,创造,verb,academic,7,64,AWL
creating,创造,verb,academic,7,63,AWL
creation,创造,verb,academic,7,62,AWL
creations,创造,verb,academic,7,61,AWL
creative,创造,verb,academic,7,65,AWL
creatively,创造,verb,academic,7,64,AWL
creativity,创造,verb,academic,7,63,AWL
creator,创造,verb,academic,7,62,AWL
creators,创造,verb,academic,7,61,AWL
datum,数据,noun,academic,7,65,AWL
definable,定义,verb,academic,7,65,AWL
defined,定义,verb,academic,7,64,AWL
defines,定义,verb,academic,7,63,AWL
defining,定义,verb,academic,7,62,AWL
definition,定义,verb,academic,7,61,AWL
definitions,定义,verb,academic,7,65,AWL
redefine,定义,verb,academic,7,64,AWL
redefined,定义,verb,academic,7,63,AWL
redefining,定义,verb,academic,7,62,AWL
undefined,定义,verb,academic,7,61,AWL
derivation,推导,verb,academic,7,65,AWL
derivations,推导,verb,academic,7,64,AWL
derivative,推导,verb,academic,7,63,AWL
derivatives,推导,verb,academic,7,62,AWL
derived,推导,verb,academic,7,61,AWL
derives,推导,verb,academic,7,65,AWL
deriving,推导,verb,academic,7,64,AWL
distributed,分配,verb,academic,7,65,AWL
distributing,分配,verb,academic,7,64,AWL
distribution,分配,verb,academic,7,63,AWL
distributions,分配,verb,academic,7,62,AWL
distributive,分配,verb,academic,7,61,AWL
distributor,分配,verb,academic,7,65,AWL
distributors,分配,verb,academic,7,64,AWL
economic,经济,noun,academic,7,65,AWL
economical,经济,noun,academic,7,64,AWL
economically,经济,noun,academic,7,63,AWL
economics,经济,noun,academic,7,62,AWL
economies,经济,noun,academic,7,61,AWL
economist,经济,noun,academic,7,65,AWL
economists,经济,noun,academic,7,64,AWL
environmental,环境,noun,academic,7,65,AWL
environmentally,环境,noun,academic,7,64,AWL
environments,环境,noun,academic,7,63,AWL
disestablish,建立,verb,academic,7,65,AWL
established,建立,verb,academic,7,64,AWL
establishes,建立,verb,academic,7,63,AWL
establishing,建立,verb,academic,7,62,AWL
establishment,建立,verb,academic,7,61,AWL
establishments,建立,verb,academic,7,65,AWL
estimated,估计,verb/noun,academic,7,65,AWL
estimates,估计,verb/noun,academic,7,64,AWL
estimating,估计,verb/noun,academic,7,63,AWL
estimation,估计,verb/noun,academic,7,62,AWL
estimations,估计,verb/noun,academic,7,61,AWL
overestimate,估计,verb/noun,academic,7,65,AWL
underestimate,估计,verb/noun,academic,7,64,AWL
evidenced,证据,noun,academic,7,65,AWL
evident,证据,noun,academic,7,64,AWL
evidently,证据,noun,academic,7,63,AWL
exported,出口,verb/noun,academic,7,65,AWL
exporter,出口,verb/noun,academic,7,64,AWL
exporters,出口,verb/noun,academic,7,63,AWL
exporting,出口,verb/noun,academic,7,62,AWL
exports,出口,verb/noun,academic,7,61,AWL
factored,因素,noun,academic,7,65,AWL
factoring,因素,noun,academic,7,64,AWL
factors,因素,noun,academic,7,63,AWL
financed,金融,noun/verb,academic,7,65,AWL
finances,金融,noun/verb,academic,7,64,AWL
financial,金融,noun/verb,academic,7,63,AWL
financially,金融,noun/verb,academic,7,62,AWL
financing,金融,noun/verb,academic,7,61,AWL
formulas,公式,noun,academic,7,65,AWL
formulate,公式,noun,academic,7,64,AWL
formulated,公式,noun,academic,7,63,AWL
formulating,公式,noun,academic,7,62,AWL
formulation,公式,noun,academic,7,61,AWL
functional,功能,noun/verb,academic,7,65,AWL
functionally,功能,noun/verb,academic,7,64,AWL
functioned,功能,noun/verb,academic,7,63,AWL
functioning,功能,noun/verb,academic,7,62,AWL
functions,功能,noun/verb,academic,7,61,AWL
identifiable,识别,verb,academic,7,65,AWL
identification,识别,verb,academic,7,64,AWL
identified,识别,verb,academic,7,63,AWL
identifies,识别,verb,academic,7,62,AWL
identifying,识别,verb,academic,7,61,AWL
identities,识别,verb,academic,7,65,AWL
identity,识别,verb,academic,7,64,AWL
incomes,收入,noun,academic,7,65,AWL
indicated,表明,verb,academic,7,65,AWL
indicates,表明,verb,academic,7,64,AWL
indicating,表明,verb,academic,7,63,AWL
indication,表明,verb,academic,7,62,AWL
indications,表明,verb,academic,7,61,AWL
indicator,表明,verb,academic,7,65,AWL
indicators,表明,verb,academic,7,64,AWL
individualism,个人的,adjective/noun,academic,7,65,AWL
individuality,个人的,adjective/noun,academic,7,64,AWL
individually,个人的,adjective/noun,academic,7,63,AWL
individuals,个人的,adjective/noun,academic,7,62,AWL
interpretation,解释,verb,academic,7,65,AWL
interpretations,解释,verb,academic,7,64,AWL
interpreted,解释,verb,academic,7,63,AWL
interpreting,解释,verb,academic,7,62,AWL
interpreter,解释,verb,academic,7,61,AWL
interpreters,解释,verb,academic,7,65,AWL
interprets,解释,verb,academic,7,64,AWL
misinterpret,解释,verb,academic,7,63,AWL
involved,涉及,verb,academic,7,65,AWL
involvement,涉及,verb,academic,7,64,AWL
involves,涉及,verb,academic,7,63,AWL
involving,涉及,verb,academic,7,62,AWL
issued,问题,noun/verb,academic,7,65,AWL
issues,问题,noun/verb,academic,7,64,AWL
issuing,问题,noun/verb,academic,7,63,AWL
labor,劳动,noun,academic,7,65,AWL
laboured,劳动,noun,academic,7,64,AWL
labouring,劳动,noun,academic,7,63,AWL
labours,劳动,noun,academic,7,62,AWL
illegal,合法的,adjective,academic,7,65,AWL
illegally,合法的,adjective,academic,7,64,AWL
legality,合法的,adjective,academic,7,63,AWL
legally,合法的,adjective,academic,7,62,AWL
legislate,合法的,adjective,academic,7,61,AWL
legislated,合法的,adjective,academic,7,65,AWL
legislation,合法的,adjective,academic,7,64,AWL
legislative,合法的,adjective,academic,7,63,AWL
legislator,合法的,adjective,academic,7,62,AWL
legislators,合法的,adjective,academic,7,61,AWL
legislature,合法的,adjective,academic,7,65,AWL
majorities,主要的,adjective,academic,7,65,AWL
majority,主要的,adjective,academic,7,64,AWL
methodological,方法,noun,academic,7,65,AWL
methodology,方法,noun,academic,7,64,AWL
methods,方法,noun,academic,7,63,AWL
occurred,发生,verb,academic,7,65,AWL
occurring,发生,verb,academic,7,64,AWL
occurs,发生,verb,academic,7,63,AWL
reoccur,发生,verb,academic,7,62,AWL
percentage,百分比,noun,academic,7,65,AWL
percentages,百分比,noun,academic,7,64,AWL
periodic,时期,noun,academic,7,65,AWL
periodical,时期,noun,academic,7,64,AWL
periodically,时期,noun,academic,7,63,AWL
periodicals,时期,noun,academic,7,62,AWL
periods,时期,noun,academic,7,61,AWL
policies,政策,noun,academic,7,65,AWL
principled,原则,noun,academic,7,65,AWL
principles,原则,noun,academic,7,64,AWL
procedural,继续进行,verb,academic,7,65,AWL
procedure,继续进行,verb,academic,7,64,AWL
procedures,继续进行,verb,academic,7,63,AWL
proceeded,继续进行,verb,academic,7,62,AWL
proceeding,继续进行,verb,academic,7,61,AWL
proceedings,继续进行,verb,academic,7,65,AWL
proceeds,继续进行,verb,academic,7,64,AWL
processed,过程,noun/verb,academic,7,65,AWL
processes,过程,noun/verb,academic,7,64,AWL
processing,过程,noun/verb,academic,7,63,AWL
required,需要,verb,academic,7,65,AWL
requirement,需要,verb,academic,7,64,AWL
requirements,需要,verb,academic,7,63,AWL
requires,需要,verb,academic,7,62,AWL
requiring,需要,verb,academic,7,61,AWL
responded,回应,verb,academic,7,65,AWL
respondent,回应,verb,academic,7,64,AWL
respondents,回应,verb,academic,7,63,AWL
responding,回应,verb,academic,7,62,AWL
responds,回应,verb,academic,7,61,AWL
response,回应,verb,academic,7,65,AWL
responses,回应,verb,academic,7,64,AWL
responsive,回应,verb,academic,7,63,AWL
roles,角色,noun,academic,7,65,AWL
sectioned,部分,noun,academic,7,65,AWL
sectioning,部分,noun,academic,7,64,AWL
sections,部分,noun,academic,7,63,AWL
sectors,部门,noun,academic,7,65,AWL
insignificant,重要的,adjective,academic,7,65,AWL
significance,重要的,adjective,academic,7,64,AWL
significantly,重要的,adjective,academic,7,63,AWL
dissimilar,相似的,adjective,academic,7,65,AWL
similarities,相似的,adjective,academic,7,64,AWL
similarity,相似的,adjective,academic,7,63,AWL
similarly,相似的,adjective,academic,7,62,AWL
sourced,来源,noun,academic,7,65,AWL
sources,来源,noun,academic,7,64,AWL
sourcing,来源,noun,academic,7,63,AWL
specifically,具体的,adjective,academic,7,65,AWL
specification,具体的,adjective,academic,7,64,AWL
specifications,具体的,adjective,academic,7,63,AWL
specifics,具体的,adjective,academic,7,62,AWL
restructure,结构,noun/verb,academic,7,65,AWL
structural,结构,noun/verb,academic,7,64,AWL
structurally,结构,noun/verb,academic,7,63,AWL
structured,结构,noun/verb,academic,7,62,AWL
structures,结构,noun/verb,academic,7,61,AWL
structuring,结构,noun/verb,academic,7,65,AWL
theoretical,理论,noun,academic,7,65,AWL
theoretically,理论,noun,academic,7,64,AWL
theories,理论,noun,academic,7,63,AWL
theorist,理论,noun,academic,7,62,AWL
theorists,理论,noun,academic,7,61,AWL
invariable,变化,verb,academic,7,65,AWL
variably,变化,verb,academic,7,64,AWL
variability,变化,verb,academic,7,63,AWL
variable,变化,verb,academic,7,62,AWL
variables,变化,verb,academic,7,61,AWL
variance,变化,verb,academic,7,65,AWL
variant,变化,verb,academic,7,64,AWL
variants,变化,verb,academic,7,63,AWL
variation,变化,verb,academic,7,62,AWL
variations,变化,verb,academic,7,61,AWL
varied,变化,verb,academic,7,65,AWL
varies,变化,verb,academic,7,64,AWL
varying,变化,verb,academic,7,63,AWL
achievable,实现,verb,academic,8,60,AWL
achieved,实现,verb,academic,8,59,AWL
achievement,实现,verb,academic,8,58,AWL
achievements,实现,verb,academic,8,57,AWL
achieves,实现,verb,academic,8,56,AWL
achieving,实现,verb,academic,8,60,AWL
acquired,获得,verb,academic,8,60,AWL
acquires,获得,verb,academic,8,59,AWL
acquiring,获得,verb,academic,8,58,AWL
acquisition,获得,verb,academic,8,57,AWL
acquisitions,获得,verb,academic,8,56,AWL
administer,管理,verb,academic,8,60,AWL
administered,管理,verb,academic,8,59,AWL
administering,管理,verb,academic,8,58,AWL
administers,管理,verb,academic,8,57,AWL
administration,管理,verb,academic,8,56,AWL
administrations,管理,verb,academic,8,60,AWL
administrative,管理,verb,academic,8,59,AWL
administrator,管理,verb,academic,8,58,AWL
administrators,管理,verb,academic,8,57,AWL
affected,影响,verb,academic,8,60,AWL
affecting,影响,verb,academic,8,59,AWL
affects,影响,verb,academic,8,58,AWL
unaffected,影响,verb,academic,8,57,AWL
inappropriate,适当的,adjective,academic,8,60,AWL
aspects,方面,noun,academic,8,60,AWL
assistance,帮助,verb,academic,8,60,AWL
assistant,帮助,verb,academic,8,59,AWL
assistants,帮助,verb,academic,8,58,AWL
assisted,帮助,verb,academic,8,57,AWL
assisting,帮助,verb,academic,8,56,AWL
assists,帮助,verb,academic,8,60,AWL
categorisation,类别,noun,academic,8,60,AWL
categorise,类别,noun,academic,8,59,AWL
categorised,类别,noun,academic,8,58,AWL
categorises,类别,noun,academic,8,57,AWL
categorising,类别,noun,academic,8,56,AWL
categories,类别,noun,academic,8,60,AWL
categorization,类别,noun,academic,8,59,AWL
categorized,类别,noun,academic,8,58,AWL
categorizes,类别,noun,academic,8,57,AWL
categorizing,类别,noun,academic,8,56,AWL
chapters,章节,noun,academic,8,60,AWL
commissioned,委员会,noun,academic,8,60,AWL
commissioner,委员会,noun,academic,8,59,AWL
commissioners,委员会,noun,academic,8,58,AWL
commissioning,委员会,noun,academic,8,57,AWL
commissions,委员会,noun,academic,8,56,AWL
communities,社区,noun,academic,8,60,AWL
complexities,复杂的,adjective,academic,8,60,AWL
complexity,复杂的,adjective,academic,8,59,AWL
computable,计算,verb,academic,8,60,AWL
computation,计算,verb,academic,8,59,AWL
computational,计算,verb,academic,8,58,AWL
computations,计算,verb,academic,8,57,AWL
computed,计算,verb,academic,8,56,AWL
computer,计算,verb,academic,8,60,AWL
computerized,计算,verb,academic,8,59,AWL
computers,计算,verb,academic,8,58,AWL
computes,计算,verb,academic,8,57,AWL
computing,计算,verb,academic,8,56,AWL
concluded,结论,verb,academic,8,60,AWL
concludes,结论,verb,academic,8,59,AWL
concluding,结论,verb,academic,8,58,AWL
conclusion,结论,verb,academic,8,57,AWL
conclusions,结论,verb,academic,8,56,AWL
conclusive,结论,verb,academic,8,60,AWL
conducted,进行,verb/noun,academic,8,60,AWL
conducting,进行,verb/noun,academic,8,59,AWL
conducts,进行,verb/noun,academic,8,58,AWL
consequences,后果,noun,academic,8,60,AWL
consequent,后果,noun,academic,8,59,AWL
consequently,后果,noun,academic,8,58,AWL
constructed,构建,verb,academic,8,60,AWL
constructing,构建,verb,academic,8,59,AWL
construction,构建,verb,academic,8,58,AWL
constructions,构建,verb,academic,8,57,AWL
constructive,构建,verb,academic,8,56,AWL
constructs,构建,verb,academic,8,60,AWL
reconstruct,构建,verb,academic,8,59,AWL
reconstructed,构建,verb,academic,8,58,AWL
reconstruction,构建,verb,academic,8,57,AWL
consumed,消费,verb,academic,8,60,AWL
consumer,消费,verb,academic,8,59,AWL
consumers,消费,verb,academic,8,58,AWL
consumes,消费,verb,academic,8,57,AWL
consuming,消费,verb,academic,8,56,AWL
consumption,消费,verb,academic,8,60,AWL
credited,信用,noun/verb,academic,8,60,AWL
crediting,信用,noun/verb,academic,8,59,AWL
creditor,信用,noun/verb,academic,8,58,AWL
creditors,信用,noun/verb,academic,8,57,AWL
credits,信用,noun/verb,academic,8,56,AWL
cultural,文化,noun,academic,8,60,AWL
culturally,文化,noun,academic,8,59,AWL
cultured,文化,noun,academic,8,58,AWL
cultures,文化,noun,academic,8,57,AWL
designed,设计,verb/noun,academic,8,60,AWL
designer,设计,verb/noun,academic,8,59,AWL
designers,设计,verb/noun,academic,8,58,AWL
designing,设计,verb/noun,academic,8,57,AWL
designs,设计,verb/noun,academic,8,56,AWL
distinction,明显的,adjective,academic,8,60,AWL
distinctive,明显的,adjective,academic,8,59,AWL
distinctly,明显的,adjective,academic,8,58,AWL
elements,元素,noun,academic,8,60,AWL
equated,等同,verb,academic,8,60,AWL
equates,等同,verb,academic,8,59,AWL
equating,等同,verb,academic,8,58,AWL
equation,等同,verb,academic,8,57,AWL
equations,等同,verb,academic,8,56,AWL
evaluative,评估,verb,academic,8,60,AWL
evaluated,评估,verb,academic,8,59,AWL
evaluates,评估,verb,academic,8,58,AWL
evaluating,评估,verb,academic,8,57,AWL
evaluation,评估,verb,academic,8,56,AWL
evaluations,评估,verb,academic,8,60,AWL
featured,特征,noun,academic,8,60,AWL
features,特征,noun,academic,8,59,AWL
featuring,特征,noun,academic,8,58,AWL
finalise,最终的,adjective,academic,8,60,AWL
finalised,最终的,adjective,academic,8,59,AWL
finalising,最终的,adjective,academic,8,58,AWL
finalist,最终的,adjective,academic,8,57,AWL
finalists,最终的,adjective,academic,8,56,AWL
finality,最终的,adjective,academic,8,60,AWL
finalize,最终的,adjective,academic,8,59,AWL
finalized,最终的,adjective,academic,8,58,AWL
finalizing,最终的,adjective,academic,8,57,AWL
finally,最终的,adjective,academic,8,56,AWL
finals,最终的,adjective,academic,8,60,AWL
focused,焦点,noun/verb,academic,8,60,AWL
focuses,焦点,noun/verb,academic,8,59,AWL
focusing,焦点,noun/verb,academic,8,58,AWL
focussed,焦点,noun/verb,academic,8,57,AWL
focussing,焦点,noun/verb,academic,8,56,AWL
impacted,影响,noun/verb,academic,8,60,AWL
impacting,影响,noun/verb,academic,8,59,AWL
impacts,影响,noun/verb,academic,8,58,AWL
injured,伤害,verb,academic,8,60,AWL
injures,伤害,verb,academic,8,59,AWL
injuries,伤害,verb,academic,8,58,AWL
injuring,伤害,verb,academic,8,57,AWL
injury,伤害,verb,academic,8,56,AWL
instituted,机构,noun,academic,8,60,AWL
institutes,机构,noun,academic,8,59,AWL
instituting,机构,noun,academic,8,58,AWL
institution,机构,noun,academic,8,57,AWL
institutional,机构,noun,academic,8,56,AWL
institutionalized,机构,noun,academic,8,60,AWL
institutions,机构,noun,academic,8,59,AWL
invested,投资,verb,academic,8,60,AWL
investing,投资,verb,academic,8,59,AWL
investment,投资,verb,academic,8,58,AWL
investments,投资,verb,academic,8,57,AWL
investor,投资,verb,academic,8,56,AWL
investors,投资,verb,academic,8,60,AWL
invests,投资,verb,academic,8,59,AWL
items,项目,noun,academic,8,60,AWL
journals,期刊,noun,academic,8,60,AWL
maintained,维持,verb,academic,8,60,AWL
maintaining,维持,verb,academic,8,59,AWL
maintains,维持,verb,academic,8,58,AWL
maintenance,维持,verb,academic,8,57,AWL
measured,测量,verb/noun,academic,8,60,AWL
measurement,测量,verb/noun,academic,8,59,AWL
measurements,测量,verb/noun,academic,8,58,AWL
measures,测量,verb/noun,academic,8,57,AWL
measuring,测量,verb/noun,academic,8,56,AWL
obtainable,获得,verb,academic,8,60,AWL
obtained,获得,verb,academic,8,59,AWL
obtaining,获得,verb,academic,8,58,AWL
obtains,获得,verb,academic,8,57,AWL
participant,参与,verb,academic,8,60,AWL
participants,参与,verb,academic,8,59,AWL
participated,参与,verb,academic,8,58,AWL
participates,参与,verb,academic,8,57,AWL
participating,参与,verb,academic,8,56,AWL
participation,参与,verb,academic,8,60,AWL
perceived,感知,verb,academic,8,60,AWL
perceives,感知,verb,academic,8,59,AWL
perceiving,感知,verb,academic,8,58,AWL
perception,感知,verb,academic,8,57,AWL
positively,积极的,adjective,academic,8,60,AWL
potentially,潜在的,adjective/noun,academic,8,60,AWL
previously,以前的,adjective,academic,8,60,AWL
primarily,主要的,adjective,academic,8,60,AWL
purchased,购买,verb/noun,academic,8,60,AWL
purchaser,购买,verb/noun,academic,8,59,AWL
purchasers,购买,verb/noun,academic,8,58,AWL
purchases,购买,verb/noun,academic,8,57,AWL
purchasing,购买,verb/noun,academic,8,56,AWL
ranged,范围,noun/verb,academic,8,60,AWL
ranges,范围,noun/verb,academic,8,59,AWL
ranging,范围,noun/verb,academic,8,58,AWL
regional,地区,noun,academic,8,60,AWL
regionally,地区,noun,academic,8,59,AWL
regions,地区,noun,academic,8,58,AWL
deregulated,调节,verb,academic,8,60,AWL
deregulation,调节,verb,academic,8,59,AWL
regulated,调节,verb,academic,8,58,AWL
regulates,调节,verb,academic,8,57,AWL
regulating,调节,verb,academic,8,56,AWL
regulation,调节,verb,academic,8,60,AWL
regulations,调节,verb,academic,8,59,AWL
regulator,调节,verb,academic,8,58,AWL
regulators,调节,verb,academic,8,57,AWL
regulatory,调节,verb,academic,8,56,AWL
irrelevant,相关的,adjective,academic,8,60,AWL
relevance,相关的,adjective,academic,8,59,AWL
resourced,资源,noun,academic,8,60,AWL
resources,资源,noun,academic,8,59,AWL
resourcing,资源,noun,academic,8,58,AWL
restricted,限制,verb,academic,8,60,AWL
restricting,限制,verb,academic,8,59,AWL
restriction,限制,verb,academic,8,58,AWL
restrictions,限制,verb,academic,8,57,AWL
restrictive,限制,verb,academic,8,56,AWL
restricts,限制,verb,academic,8,60,AWL
insecure,安全的,adjective,academic,8,60,AWL
security,安全的,adjective,academic,8,59,AWL
secured,安全的,adjective,academic,8,58,AWL
securely,安全的,adjective,academic,8,57,AWL
secures,安全的,adjective,academic,8,56,AWL
securing,安全的,adjective,academic,8,60,AWL
seeking,寻找,verb,academic,8,60,AWL
seeks,寻找,verb,academic,8,59,AWL
sought,寻找,verb,academic,8,58,AWL
selected,选择,verb,academic,8,60,AWL
selecting,选择,verb,academic,8,59,AWL
selection,选择,verb,academic,8,58,AWL
selective,选择,verb,academic,8,57,AWL
selects,选择,verb,academic,8,56,AWL
sites,地点,noun,academic,8,60,AWL
strategic,策略,noun,academic,8,60,AWL
strategies,策略,noun,academic,8,59,AWL
strategically,策略,noun,academic,8,58,AWL
strategist,策略,noun,academic,8,57,AWL
strategists,策略,noun,academic,8,56,AWL
surveyed,调查,noun/verb,academic,8,60,AWL
surveying,调查,noun/verb,academic,8,59,AWL
surveys,调查,noun/verb,academic,8,58,AWL
texts,文本,noun,academic,8,60,AWL
textual,文本,noun,academic,8,59,AWL
non-traditional,传统,noun,academic,8,60,AWL
traditional,传统,noun,academic,8,59,AWL
traditionally,传统,noun,academic,8,58,AWL
traditions,传统,noun,academic,8,57,AWL
transferable,转移,verb/noun,academic,8,60,AWL
transferred,转移,verb/noun,academic,8,59,AWL
transferring,转移,verb/noun,academic,8,58,AWL
transfers,转移,verb/noun,academic,8,57,AWL
alternatively,替代的,adjective/noun,academic,9,55,AWL
alternatives,替代的,adjective/noun,academic,9,54,AWL
circumstances,环境,noun,academic,9,55,AWL
commentary,评论,noun/verb,academic,9,55,AWL
commentator,评论,noun/verb,academic,9,54,AWL
commentators,评论,noun/verb,academic,9,53,AWL
commented,评论,noun/verb,academic,9,52,AWL
commenting,评论,noun/verb,academic,9,51,AWL
comments,评论,noun/verb,academic,9,55,AWL
compensated,补偿,verb,academic,9,55,AWL
compensates,补偿,verb,academic,9,54,AWL
compensating,补偿,verb,academic,9,53,AWL
compensation,补偿,verb,academic,9,52,AWL
components,组件,noun,academic,9,55,AWL
consented,同意,noun/verb,academic,9,55,AWL
consenting,同意,noun/verb,academic,9,54,AWL
consents,同意,noun/verb,academic,9,53,AWL
considerably,相当大的,adjective,academic,9,55,AWL
constantly,持续的,adjective,academic,9,55,AWL
constants,持续的,adjective,academic,9,54,AWL
constrained,限制,verb,academic,9,55,AWL
constraining,限制,verb,academic,9,54,AWL
constrains,限制,verb,academic,9,53,AWL
constraint,限制,verb,academic,9,52,AWL
constraints,限制,verb,academic,9,51,AWL
contributed,贡献,verb,academic,9,55,AWL
contributes,贡献,verb,academic,9,54,AWL
contributing,贡献,verb,academic,9,53,AWL
contribution,贡献,verb,academic,9,52,AWL
contributions,贡献,verb,academic,9,51,AWL
contributor,贡献,verb,academic,9,55,AWL
contributors,贡献,verb,academic,9,54,AWL
convened,召集,verb,academic,9,55,AWL
convenes,召集,verb,academic,9,54,AWL
convening,召集,verb,academic,9,53,AWL
convention,召集,verb,academic,9,52,AWL
conventional,召集,verb,academic,9,51,AWL
conventionally,召集,verb,academic,9,55,AWL
conventions,召集,verb,academic,9,54,AWL
coordinated,协调,verb/verb,academic,9,55,AWL
coordinates,协调,verb/verb,academic,9,54,AWL
coordinating,协调,verb/verb,academic,9,53,AWL
coordination,协调,verb/verb,academic,9,52,AWL
coordinator,协调,verb/verb,academic,9,51,AWL
coordinators,协调,verb/verb,academic,9,55,AWL
coring,核心,noun,academic,9,55,AWL
cores,核心,noun,academic,9,54,AWL
cored,核心,noun,academic,9,53,AWL
contrasted,对比,noun/verb,academic,9,55,AWL
contrasting,对比,noun/verb,academic,9,54,AWL
contrastingly,对比,noun/verb,academic,9,53,AWL
contrasts,对比,noun/verb,academic,9,52,AWL
corporations,公司的,adjective,academic,9,55,AWL
corporately,公司的,adjective,academic,9,54,AWL
corporates,公司的,adjective,academic,9,53,AWL
corresponded,对应,verb,academic,9,55,AWL
correspondence,对应,verb,academic,9,54,AWL
corresponding,对应,verb,academic,9,53,AWL
correspondingly,对应,verb,academic,9,52,AWL
corresponds,对应,verb,academic,9,51,AWL
criterion,标准,noun,academic,9,55,AWL
deducted,扣除,verb,academic,9,55,AWL
deducting,扣除,verb,academic,9,54,AWL
deduction,扣除,verb,academic,9,53,AWL
deductions,扣除,verb,academic,9,52,AWL
deducts,扣除,verb,academic,9,51,AWL
demonstrable,证明,verb,academic,9,55,AWL
demonstrably,证明,verb,academic,9,54,AWL
demonstrated,证明,verb,academic,9,53,AWL
demonstrates,证明,verb,academic,9,52,AWL
demonstrating,证明,verb,academic,9,51,AWL
demonstration,证明,verb,academic,9,55,AWL
demonstrations,证明,verb,academic,9,54,AWL
demonstrator,证明,verb,academic,9,53,AWL
demonstrators,证明,verb,academic,9,52,AWL
documentation,文件,noun/verb,academic,9,55,AWL
documented,文件,noun/verb,academic,9,54,AWL
documenting,文件,noun/verb,academic,9,53,AWL
documents,文件,noun/verb,academic,9,52,AWL
dominance,主导,verb,academic,9,55,AWL
dominant,主导,verb,academic,9,54,AWL
dominated,主导,verb,academic,9,53,AWL
dominates,主导,verb,academic,9,52,AWL
dominating,主导,verb,academic,9,51,AWL
domination,主导,verb,academic,9,55,AWL
emphasise,强调,noun,academic,9,55,AWL
emphasised,强调,noun,academic,9,54,AWL
emphasising,强调,noun,academic,9,53,AWL
emphasize,强调,noun,academic,9,52,AWL
emphasized,强调,noun,academic,9,51,AWL
emphasizing,强调,noun,academic,9,55,AWL
emphatic,强调,noun,academic,9,54,AWL
emphatically,强调,noun,academic,9,53,AWL
emphases,强调,noun,academic,9,52,AWL
ensured,确保,verb,academic,9,55,AWL
ensures,确保,verb,academic,9,54,AWL
ensuring,确保,verb,academic,9,53,AWL
excluded,排除,verb,academic,9,55,AWL
excludes,排除,verb,academic,9,54,AWL
excluding,排除,verb,academic,9,53,AWL
exclusion,排除,verb,academic,9,52,AWL
exclusionary,排除,verb,academic,9,51,AWL
exclusive,排除,verb,academic,9,55,AWL
exclusively,排除,verb,academic,9,54,AWL
exclusivity,排除,verb,academic,9,53,AWL
frameworks,框架,noun,academic,9,55,AWL
funded,资金,noun/verb,academic,9,55,AWL
funding,资金,noun/verb,academic,9,54,AWL
funds,资金,noun/verb,academic,9,53,AWL
illustrated,说明,verb,academic,9,55,AWL
illustrates,说明,verb,academic,9,54,AWL
illustrating,说明,verb,academic,9,53,AWL
illustration,说明,verb,academic,9,52,AWL
illustrations,说明,verb,academic,9,51,AWL
illustrative,说明,verb,academic,9,55,AWL
illustrator,说明,verb,academic,9,54,AWL
illustrators,说明,verb,academic,9,53,AWL
immigrant,移民,verb,academic,9,55,AWL
immigrants,移民,verb,academic,9,54,AWL
immigrated,移民,verb,academic,9,53,AWL
immigrates,移民,verb,academic,9,52,AWL
immigrating,移民,verb,academic,9,51,AWL
immigration,移民,verb,academic,9,55,AWL
implied,暗示,verb,academic,9,55,AWL
implies,暗示,verb,academic,9,54,AWL
implying,暗示,verb,academic,9,53,AWL
implication,暗示,verb,academic,9,52,AWL
implications,暗示,verb,academic,9,51,AWL
implicit,暗示,verb,academic,9,55,AWL
implicitly,暗示,verb,academic,9,54,AWL
initially,最初的,adjective,academic,9,55,AWL
initiated,最初的,adjective,academic,9,54,AWL
initiates,最初的,adjective,academic,9,53,AWL
initiating,最初的,adjective,academic,9,52,AWL
initiation,最初的,adjective,academic,9,51,AWL
initiative,最初的,adjective,academic,9,55,AWL
initiatives,最初的,adjective,academic,9,54,AWL
instances,例子,noun,academic,9,55,AWL
interacted,互动,verb,academic,9,55,AWL
interacting,互动,verb,academic,9,54,AWL
interaction,互动,verb,academic,9,53,AWL
interactions,互动,verb,academic,9,52,AWL
interactive,互动,verb,academic,9,51,AWL
interactively,互动,verb,academic,9,55,AWL
interacts,互动,verb,academic,9,54,AWL
justifiable,证明正当,verb,academic,9,55,AWL
justifiably,证明正当,verb,academic,9,54,AWL
justification,证明正当,verb,academic,9,53,AWL
justifications,证明正当,verb,academic,9,52,AWL
justified,证明正当,verb,academic,9,51,AWL
justifies,证明正当,verb,academic,9,55,AWL
justifying,证明正当,verb,academic,9,54,AWL
unjustified,证明正当,verb,academic,9,53,AWL
layered,层,noun,academic,9,55,AWL
layering,层,noun,academic,9,54,AWL
layers,层,noun,academic,9,53,AWL
linked,链接,noun/verb,academic,9,55,AWL
linking,链接,noun/verb,academic,9,54,AWL
links,链接,noun/verb,academic,9,53,AWL
located,定位,verb,academic,9,55,AWL
locating,定位,verb,academic,9,54,AWL
location,定位,verb,academic,9,53,AWL
locations,定位,verb,academic,9,52,AWL
locator,定位,verb,academic,9,51,AWL
relocate,定位,verb,academic,9,55,AWL
relocated,定位,verb,academic,9,54,AWL
relocating,定位,verb,academic,9,53,AWL
relocation,定位,verb,academic,9,52,AWL
maximisation,最大化,verb,academic,9,55,AWL
maximised,最大化,verb,academic,9,54,AWL
maximises,最大化,verb,academic,9,53,AWL
maximising,最大化,verb,academic,9,52,AWL
maximization,最大化,verb,academic,9,51,AWL
maximized,最大化,verb,academic,9,55,AWL
maximizes,最大化,verb,academic,9,54,AWL
maximizing,最大化,verb,academic,9,53,AWL
maximum,最大化,verb,academic,9,52,AWL
minorities,较小的,adjective,academic,9,55,AWL
minority,较小的,adjective,academic,9,54,AWL
minors,较小的,adjective,academic,9,53,AWL
negated,否定,verb,academic,9,55,AWL
negates,否定,verb,academic,9,54,AWL
negating,否定,verb,academic,9,53,AWL
negation,否定,verb,academic,9,52,AWL
negative,否定,verb,academic,9,51,AWL
negatively,否定,verb,academic,9,55,AWL
negatives,否定,verb,academic,9,54,AWL
outcomes,结果,noun,academic,9,55,AWL
partners,伙伴,noun,academic,9,55,AWL
partnership,伙伴,noun,academic,9,54,AWL
partnerships,伙伴,noun,academic,9,53,AWL
philosopher,哲学,noun,academic,9,55,AWL
philosophers,哲学,noun,academic,9,54,AWL
philosophical,哲学,noun,academic,9,53,AWL
philosophically,哲学,noun,academic,9,52,AWL
philosophies,哲学,noun,academic,9,51,AWL
physically,物理的,adjective,academic,9,55,AWL
disproportion,比例,noun,academic,9,55,AWL
disproportionate,比例,noun,academic,9,54,AWL
disproportionately,比例,noun,academic,9,53,AWL
proportional,比例,noun,academic,9,52,AWL
proportionally,比例,noun,academic,9,51,AWL
proportionate,比例,noun,academic,9,55,AWL
proportionately,比例,noun,academic,9,54,AWL
proportions,比例,noun,academic,9,53,AWL
published,出版,verb,academic,9,55,AWL
publisher,出版,verb,academic,9,54,AWL
publishers,出版,verb,academic,9,53,AWL
publishes,出版,verb,academic,9,52,AWL
publishing,出版,verb,academic,9,51,AWL
unpublished,出版,verb,academic,9,55,AWL
reacted,反应,verb,academic,9,55,AWL
reacting,反应,verb,academic,9,54,AWL
reaction,反应,verb,academic,9,53,AWL
reactionaries,反应,verb,academic,9,52,AWL
reactionary,反应,verb,academic,9,51,AWL
reactions,反应,verb,academic,9,55,AWL
reacts,反应,verb,academic,9,54,AWL
reactive,反应,verb,academic,9,53,AWL
reactivity,反应,verb,academic,9,52,AWL
registered,注册,verb/noun,academic,9,55,AWL
registering,注册,verb/noun,academic,9,54,AWL
registers,注册,verb/noun,academic,9,53,AWL
registrar,注册,verb/noun,academic,9,52,AWL
registration,注册,verb/noun,academic,9,51,AWL
reliability,依赖,verb,academic,9,55,AWL
reliable,依赖,verb,academic,9,54,AWL
reliably,依赖,verb,academic,9,53,AWL
reliance,依赖,verb,academic,9,52,AWL
reliant,依赖,verb,academic,9,51,AWL
relied,依赖,verb,academic,9,55,AWL
relies,依赖,verb,academic,9,54,AWL
relying,依赖,verb,academic,9,53,AWL
removable,移除,verb,academic,9,55,AWL
removal,移除,verb,academic,9,54,AWL
removals,移除,verb,academic,9,53,AWL
removed,移除,verb,academic,9,52,AWL
removes,移除,verb,academic,9,51,AWL
removing,移除,verb,academic,9,55,AWL
schematic,计划,noun,academic,9,55,AWL
schematically,计划,noun,academic,9,54,AWL
schemed,计划,noun,academic,9,53,AWL
schemes,计划,noun,academic,9,52,AWL
scheming,计划,noun,academic,9,51,AWL
sequenced,序列,noun,academic,9,55,AWL
sequences,序列,noun,academic,9,54,AWL
sequencing,序列,noun,academic,9,53,AWL
sequential,序列,noun,academic,9,52,AWL
sequentially,序列,noun,academic,9,51,AWL
sexes,性别,noun,academic,9,55,AWL
sexism,性别,noun,academic,9,54,AWL
sexual,性别,noun,academic,9,53,AWL
sexuality,性别,noun,academic,9,52,AWL
sexually,性别,noun,academic,9,51,AWL
tasks,任务,noun,academic,9,55,AWL
techniques,技术,noun,academic,9,55,AWL
technological,技术,noun,academic,9,55,AWL
technologically,技术,noun,academic,9,54,AWL
technologies,技术,noun,academic,9,53,AWL
invalidate,有效的,adjective,academic,9,55,AWL
invalidity,有效的,adjective,academic,9,54,AWL
validate,有效的,adjective,academic,9,53,AWL
validated,有效的,adjective,academic,9,52,AWL
validating,有效的,adjective,academic,9,51,AWL
validation,有效的,adjective,academic,9,55,AWL
validity,有效的,adjective,academic,9,54,AWL
validly,有效的,adjective,academic,9,53,AWL
accessed,访问,noun/verb,academic,10,50,AWL
accesses,访问,noun/verb,academic,10,49,AWL
accessibility,访问,noun/verb,academic,10,48,AWL
accessible,访问,noun/verb,academic,10,47,AWL
accessing,访问,noun/verb,academic,10,46,AWL
inaccessible,访问,noun/verb,academic,10,50,AWL
adequacy,足够的,adjective,academic,10,50,AWL
adequately,足够的,adjective,academic,10,49,AWL
inadequacy,足够的,adjective,academic,10,48,AWL
inadequate,足够的,adjective,academic,10,47,AWL
inadequately,足够的,adjective,academic,10,46,AWL
annually,每年的,adjective,academic,10,50,AWL
apparently,明显的,adjective,academic,10,50,AWL
apparents,明显的,adjective,academic,10,49,AWL
approximated,大约,adjective/verb,academic,10,50,AWL
approximately,大约,adjective/verb,academic,10,49,AWL
approximates,大约,adjective/verb,academic,10,48,AWL
approximating,大约,adjective/verb,academic,10,47,AWL
approximation,大约,adjective/verb,academic,10,46,AWL
attitudes,态度,noun,academic,10,50,AWL
attributed,属性,noun/verb,academic,10,50,AWL
attributes,属性,noun/verb,academic,10,49,AWL
attributing,属性,noun/verb,academic,10,48,AWL
attribution,属性,noun/verb,academic,10,47,AWL
civility,公民的,adjective,academic,10,50,AWL
civilian,公民的,adjective,academic,10,49,AWL
civilians,公民的,adjective,academic,10,48,AWL
civilization,公民的,adjective,academic,10,47,AWL
civilizations,公民的,adjective,academic,10,46,AWL
civilize,公民的,adjective,academic,10,50,AWL
civilized,公民的,adjective,academic,10,49,AWL
civilizes,公民的,adjective,academic,10,48,AWL
civilizing,公民的,adjective,academic,10,47,AWL
coded,代码,noun,academic,10,50,AWL
codes,代码,noun,academic,10,49,AWL
coding,代码,noun,academic,10,48,AWL
codify,代码,noun,academic,10,47,AWL
codification,代码,noun,academic,10,46,AWL
commitment,承诺,verb,academic,10,50,AWL
commitments,承诺,verb,academic,10,49,AWL
commits,承诺,verb,academic,10,48,AWL
committed,承诺,verb,academic,10,47,AWL
committing,承诺,verb,academic,10,46,AWL
communicated,交流,verb,academic,10,50,AWL
communicates,交流,verb,academic,10,49,AWL
communicating,交流,verb,academic,10,48,AWL
communication,交流,verb,academic,10,47,AWL
communications,交流,verb,academic,10,46,AWL
communicative,交流,verb,academic,10,50,AWL
communicator,交流,verb,academic,10,49,AWL
communicators,交流,verb,academic,10,48,AWL
concentrated,集中,verb,academic,10,50,AWL
concentrates,集中,verb,academic,10,49,AWL
concentrating,集中,verb,academic,10,48,AWL
concentration,集中,verb,academic,10,47,AWL
conference,授予,verb,academic,10,50,AWL
conferences,授予,verb,academic,10,49,AWL
conferred,授予,verb,academic,10,48,AWL
conferring,授予,verb,academic,10,47,AWL
confers,授予,verb,academic,10,46,AWL
cycled,循环,noun,academic,10,50,AWL
cycles,循环,noun,academic,10,49,AWL
cyclic,循环,noun,academic,10,48,AWL
cyclical,循环,noun,academic,10,47,AWL
cycling,循环,noun,academic,10,46,AWL
debtor,债务,noun,academic,10,50,AWL
debtors,债务,noun,academic,10,49,AWL
debts,债务,noun,academic,10,48,AWL
dependence,依赖的,adjective,academic,10,50,AWL
independence,依赖的,adjective,academic,10,49,AWL
independent,依赖的,adjective,academic,10,48,AWL
independently,依赖的,adjective,academic,10,47,AWL
dependents,依赖的,adjective,academic,10,46,AWL
displayed,显示,noun/verb,academic,10,50,AWL
displaying,显示,noun/verb,academic,10,49,AWL
displays,显示,noun/verb,academic,10,48,AWL
efficiency,高效的,adjective,academic,10,50,AWL
efficiently,高效的,adjective,academic,10,49,AWL
inefficiency,高效的,adjective,academic,10,48,AWL
inefficient,高效的,adjective,academic,10,47,AWL
inefficiently,高效的,adjective,academic,10,46,AWL
energetic,能量,noun,academic,10,50,AWL
energetically,能量,noun,academic,10,49,AWL
energies,能量,noun,academic,10,48,AWL
enforceable,执行,verb,academic,10,50,AWL
enforced,执行,verb,academic,10,49,AWL
enforcement,执行,verb,academic,10,48,AWL
enforces,执行,verb,academic,10,47,AWL
enforcing,执行,verb,academic,10,46,AWL
entities,实体,noun,academic,10,50,AWL
equivalently,等价的,adjective,academic,10,50,AWL
equivalents,等价的,adjective,academic,10,49,AWL
expanded,扩展,verb,academic,10,50,AWL
expanding,扩展,verb,academic,10,49,AWL
expands,扩展,verb,academic,10,48,AWL
expansion,扩展,verb,academic,10,47,AWL
exposed,暴露,verb,academic,10,50,AWL
exposes,暴露,verb,academic,10,49,AWL
exposing,暴露,verb,academic,10,48,AWL
exposure,暴露,verb,academic,10,47,AWL
exposures,暴露,verb,academic,10,46,AWL
externally,外部的,adjective,academic,10,50,AWL
facilitated,促进,verb,academic,10,50,AWL
facilitates,促进,verb,academic,10,49,AWL
facilities,促进,verb,academic,10,48,AWL
facilitating,促进,verb,academic,10,47,AWL
facilitation,促进,verb,academic,10,46,AWL
facilitator,促进,verb,academic,10,50,AWL
facilitators,促进,verb,academic,10,49,AWL
facility,促进,verb,academic,10,48,AWL
fundamentally,基本的,adjective,academic,10,50,AWL
generated,产生,verb,academic,10,50,AWL
generates,产生,verb,academic,10,49,AWL
generating,产生,verb,academic,10,48,AWL
generation,产生,verb,academic,10,47,AWL
generations,产生,verb,academic,10,46,AWL
generator,产生,verb,academic,10,50,AWL
generators,产生,verb,academic,10,49,AWL
imagery,图像,noun,academic,10,50,AWL
images,图像,noun,academic,10,49,AWL
liberalism,自由的,adjective,academic,10,50,AWL
liberalize,自由的,adjective,academic,10,49,AWL
liberalization,自由的,adjective,academic,10,48,AWL
liberate,自由的,adjective,academic,10,47,AWL
liberated,自由的,adjective,academic,10,46,AWL
liberation,自由的,adjective,academic,10,50,AWL
liberties,自由的,adjective,academic,10,49,AWL
liberty,自由的,adjective,academic,10,48,AWL
licenced,许可,noun,academic,10,50,AWL
licences,许可,noun,academic,10,49,AWL
licencing,许可,noun,academic,10,48,AWL
license,许可,noun,academic,10,47,AWL
licensed,许可,noun,academic,10,46,AWL
licenses,许可,noun,academic,10,50,AWL
licensing,许可,noun,academic,10,49,AWL
illogical,逻辑,noun,academic,10,50,AWL
illogically,逻辑,noun,academic,10,49,AWL
logical,逻辑,noun,academic,10,48,AWL
logically,逻辑,noun,academic,10,47,AWL
logician,逻辑,noun,academic,10,46,AWL
logicians,逻辑,noun,academic,10,50,AWL
marginal,边缘,noun,academic,10,50,AWL
marginalize,边缘,noun,academic,10,49,AWL
marginalized,边缘,noun,academic,10,48,AWL
marginalizing,边缘,noun,academic,10,47,AWL
marginalization,边缘,noun,academic,10,46,AWL
margins,边缘,noun,academic,10,50,AWL
medically,医学的,adjective,academic,10,50,AWL
mentality,精神的,adjective,academic,10,50,AWL
mentally,精神的,adjective,academic,10,49,AWL
modification,修改,verb,academic,10,50,AWL
modifications,修改,verb,academic,10,49,AWL
modified,修改,verb,academic,10,48,AWL
modifies,修改,verb,academic,10,47,AWL
modifying,修改,verb,academic,10,46,AWL
unmodified,修改,verb,academic,10,50,AWL
monitored,监控,noun/verb,academic,10,50,AWL
monitoring,监控,noun/verb,academic,10,49,AWL
monitors,监控,noun/verb,academic,10,48,AWL
monitory,监控,noun/verb,academic,10,47,AWL
networked,网络,noun,academic,10,50,AWL
networking,网络,noun,academic,10,49,AWL
networks,网络,noun,academic,10,48,AWL
notions,概念,noun,academic,10,50,AWL
objectively,客观的,adjective,academic,10,50,AWL
objectives,客观的,adjective,academic,10,49,AWL
orientate,定向,verb,academic,10,50,AWL
orientated,定向,verb,academic,10,49,AWL
orientates,定向,verb,academic,10,48,AWL
orientating,定向,verb,academic,10,47,AWL
orientation,定向,verb,academic,10,46,AWL
oriented,定向,verb,academic,10,50,AWL
orienting,定向,verb,academic,10,49,AWL
orients,定向,verb,academic,10,48,AWL
disorient,定向,verb,academic,10,47,AWL
disoriented,定向,verb,academic,10,46,AWL
disorienting,定向,verb,academic,10,50,AWL
perspectives,视角,noun,academic,10,50,AWL
imprecise,精确的,adjective,academic,10,50,AWL
precisely,精确的,adjective,academic,10,49,AWL
precision,精确的,adjective,academic,10,48,AWL
primacy,主要的,adjective,academic,10,50,AWL
psychological,心理学,noun,academic,10,50,AWL
psychologically,心理学,noun,academic,10,49,AWL
psychologist,心理学,noun,academic,10,48,AWL
psychologists,心理学,noun,academic,10,47,AWL
pursued,追求,verb,academic,10,50,AWL
pursues,追求,verb,academic,10,49,AWL
pursuing,追求,verb,academic,10,48,AWL
pursuit,追求,verb,academic,10,47,AWL
pursuits,追求,verb,academic,10,46,AWL
regimes,政权,noun,academic,10,50,AWL
revenues,收入,noun,academic,10,50,AWL
instability,稳定的,adjective,academic,10,50,AWL
instable,稳定的,adjective,academic,10,49,AWL
stabilisation,稳定的,adjective,academic,10,48,AWL
stabilise,稳定的,adjective,academic,10,47,AWL
stabilised,稳定的,adjective,academic,10,46,AWL
stabilises,稳定的,adjective,academic,10,50,AWL
stabilising,稳定的,adjective,academic,10,49,AWL
stabilization,稳定的,adjective,academic,10,48,AWL
stabilize,稳定的,adjective,academic,10,47,AWL
stabilized,稳定的,adjective,academic,10,46,AWL
stabilizes,稳定的,adjective,academic,10,50,AWL
stabilizing,稳定的,adjective,academic,10,49,AWL
stability,稳定的,adjective,academic,10,48,AWL
stabled,稳定的,adjective,academic,10,47,AWL
stables,稳定的,adjective,academic,10,46,AWL
styled,风格,noun,academic,10,50,AWL
styles,风格,noun,academic,10,49,AWL
styling,风格,noun,academic,10,48,AWL
stylish,风格,noun,academic,10,47,AWL
substituted,替代,noun/verb,academic,10,50,AWL
substitutes,替代,noun/verb,academic,10,49,AWL
substituting,替代,noun/verb,academic,10,48,AWL
substitution,替代,noun/verb,academic,10,47,AWL
symbolic,符号,noun,academic,10,50,AWL
symbolically,符号,noun,academic,10,49,AWL
symbolise,符号,noun,academic,10,48,AWL
symbolised,符号,noun,academic,10,47,AWL
symbolises,符号,noun,academic,10,46,AWL
symbolising,符号,noun,academic,10,50,AWL
symbolism,符号,noun,academic,10,49,AWL
symbolize,符号,noun,academic,10,48,AWL
symbolized,符号,noun,academic,10,47,AWL
symbolizes,符号,noun,academic,10,46,AWL
symbolizing,符号,noun,academic,10,50,AWL
symbols,符号,noun,academic,10,49,AWL
targeted,目标,noun/verb,academic,10,50,AWL
targeting,目标,noun/verb,academic,10,49,AWL
targets,目标,noun/verb,academic,10,48,AWL
trended,趋势,noun,academic,10,50,AWL
trending,趋势,noun,academic,10,49,AWL
trends,趋势,noun,academic,10,48,AWL
versions,版本,noun,academic,10,50,AWL
welfares,福利,noun,academic,10,50,AWL
accommodation,住宿,noun,listening_accommodation,5,85,IELTS_Listening
apartment,公寓,noun,listening_accommodation,5,80,IELTS_Listening
flat,公寓,noun,listening_accommodation,5,85,IELTS_Listening
house,房子,noun,listening_accommodation,4,90,IELTS_Listening
dormitory,宿舍,noun,listening_accommodation,5,75,IELTS_Listening
hostel,旅舍,noun,listening_accommodation,5,70,IELTS_Listening
hotel,酒店,noun,listening_accommodation,4,85,IELTS_Listening
motel,汽车旅馆,noun,listening_accommodation,5,65,IELTS_Listening
residence,住宅,noun,listening_accommodation,6,70,IELTS_Listening
homestay,寄宿家庭,noun,listening_accommodation,5,75,IELTS_Listening
rent,租金,noun/verb,listening_accommodation,5,85,IELTS_Listening
deposit,押金,noun,listening_accommodation,5,80,IELTS_Listening
landlord,房东,noun,listening_accommodation,5,75,IELTS_Listening
landlady,女房东,noun,listening_accommodation,5,70,IELTS_Listening
tenant,租户,noun,listening_accommodation,6,70,IELTS_Listening
roommate,室友,noun,listening_accommodation,5,80,IELTS_Listening
bathroom,浴室,noun,listening_accommodation,4,90,IELTS_Listening
bedroom,卧室,noun,listening_accommodation,4,90,IELTS_Listening
kitchen,厨房,noun,listening_accommodation,4,90,IELTS_Listening
living room,客厅,noun,listening_accommodation,4,85,IELTS_Listening
dining room,餐厅,noun,listening_accommodation,4,80,IELTS_Listening
garage,车库,noun,listening_accommodation,5,75,IELTS_Listening
garden,花园,noun,listening_accommodation,4,80,IELTS_Listening
balcony,阳台,noun,listening_accommodation,5,70,IELTS_Listening
basement,地下室,noun,listening_accommodation,5,70,IELTS_Listening
furniture,家具,noun,listening_accommodation,5,75,IELTS_Listening
furnished,带家具的,adjective,listening_accommodation,5,75,IELTS_Listening
unfurnished,无家具的,adjective,listening_accommodation,6,65,IELTS_Listening
utilities,公用事业,noun,listening_accommodation,6,70,IELTS_Listening
heating,暖气,noun,listening_accommodation,5,75,IELTS_Listening
air conditioning,空调,noun,listening_accommodation,5,75,IELTS_Listening
refrigerator,冰箱,noun,listening_accommodation,5,80,IELTS_Listening
fridge,冰箱,noun,listening_accommodation,4,85,IELTS_Listening
washing machine,洗衣机,noun,listening_accommodation,5,80,IELTS_Listening
microwave,微波炉,noun,listening_accommodation,5,75,IELTS_Listening
stove,炉子,noun,listening_accommodation,5,75,IELTS_Listening
oven,烤箱,noun,listening_accommodation,5,75,IELTS_Listening
dishwasher,洗碗机,noun,listening_accommodation,5,70,IELTS_Listening
vacuum cleaner,吸尘器,noun,listening_accommodation,5,70,IELTS_Listening
lease,租约,noun,listening_accommodation,6,70,IELTS_Listening
property,房产,noun,listening_accommodation,6,75,IELTS_Listening
neighborhood,社区,noun,listening_accommodation,5,75,IELTS_Listening
suburb,郊区,noun,listening_accommodation,5,70,IELTS_Listening
downtown,市中心,noun,listening_accommodation,5,75,IELTS_Listening
address,地址,noun,listening_accommodation,4,85,IELTS_Listening
postcode,邮编,noun,listening_accommodation,5,75,IELTS_Listening
meter,米/仪表,noun,listening_accommodation,4,80,IELTS_Listening
academic,学术的,adjective,listening_education,6,90,IELTS_Listening
assignment,作业,noun,listening_education,6,85,IELTS_Listening
bachelor,学士,noun,listening_education,6,75,IELTS_Listening
campus,校园,noun,listening_education,6,80,IELTS_Listening
certificate,证书,noun,listening_education,6,75,IELTS_Listening
classroom,教室,noun,listening_education,5,85,IELTS_Listening
course,课程,noun,listening_education,4,90,IELTS_Listening
curriculum,课程,noun,listening_education,7,70,IELTS_Listening
degree,学位,noun,listening_education,5,85,IELTS_Listening
diploma,文凭,noun,listening_education,6,75,IELTS_Listening
dissertation,论文,noun,listening_education,8,70,IELTS_Listening
doctorate,博士学位,noun,listening_education,7,65,IELTS_Listening
enroll,注册,verb,listening_education,6,75,IELTS_Listening
essay,论文,noun,listening_education,5,80,IELTS_Listening
examination,考试,noun,listening_education,5,85,IELTS_Listening
exam,考试,noun,listening_education,4,90,IELTS_Listening
faculty,院系,noun,listening_education,6,75,IELTS_Listening
freshman,大一新生,noun,listening_education,6,70,IELTS_Listening
grade,成绩,noun,listening_education,4,85,IELTS_Listening
graduation,毕业,noun,listening_education,6,80,IELTS_Listening
homework,家庭作业,noun,listening_education,4,85,IELTS_Listening
instructor,讲师,noun,listening_education,6,75,IELTS_Listening
junior,大三学生,noun,listening_education,6,70,IELTS_Listening
lecture,讲座,noun,listening_education,5,85,IELTS_Listening
lecturer,讲师,noun,listening_education,6,75,IELTS_Listening
library,图书馆,noun,listening_education,4,90,IELTS_Listening
major,专业,noun,listening_education,5,80,IELTS_Listening
master,硕士,noun,listening_education,6,75,IELTS_Listening
matriculation,入学,noun,listening_education,8,60,IELTS_Listening
module,模块,noun,listening_education,6,70,IELTS_Listening
paper,论文,noun,listening_education,4,80,IELTS_Listening
postgraduate,研究生,noun,listening_education,7,70,IELTS_Listening
prerequisite,先决条件,noun,listening_education,7,65,IELTS_Listening
professor,教授,noun,listening_education,6,80,IELTS_Listening
project,项目,noun,listening_education,4,85,IELTS_Listening
quiz,小测验,noun,listening_education,5,70,IELTS_Listening
reading,阅读,noun,listening_education,4,85,IELTS_Listening
research,研究,noun/verb,listening_education,6,85,IELTS_Listening
scholarship,奖学金,noun,listening_education,6,75,IELTS_Listening
semester,学期,noun,listening_education,6,80,IELTS_Listening
senior,大四学生,noun,listening_education,6,70,IELTS_Listening
seminar,研讨会,noun,listening_education,6,75,IELTS_Listening
sophomore,大二学生,noun,listening_education,7,65,IELTS_Listening
syllabus,大纲,noun,listening_education,7,70,IELTS_Listening
term,学期,noun,listening_education,4,85,IELTS_Listening
textbook,教科书,noun,listening_education,5,80,IELTS_Listening
thesis,论文,noun,listening_education,7,70,IELTS_Listening
tuition,学费,noun,listening_education,6,75,IELTS_Listening
tutorial,辅导课,noun,listening_education,6,70,IELTS_Listening
undergraduate,本科生,noun,listening_education,7,70,IELTS_Listening
university,大学,noun,listening_education,5,90,IELTS_Listening
workshop,研讨会,noun,listening_education,6,75,IELTS_Listening
auditorium,礼堂,noun,listening_education,7,60,IELTS_Listening
board,木板/董事会,noun,listening_education,3,85,IELTS_Listening
chalk,粉笔,noun,listening_education,4,65,IELTS_Listening
college,学院,noun,listening_education,5,85,IELTS_Listening
airport,机场,noun,listening_travel_transport,5,90,IELTS_Listening
airline,航空公司,noun,listening_travel_transport,6,80,IELTS_Listening
arrival,到达,noun,listening_travel_transport,5,85,IELTS_Listening
baggage,行李,noun,listening_travel_transport,5,80,IELTS_Listening
boarding pass,登机牌,noun,listening_travel_transport,5,75,IELTS_Listening
booking,预订,noun,listening_travel_transport,5,80,IELTS_Listening
bus,公共汽车,noun,listening_travel_transport,3,90,IELTS_Listening
cab,出租车,noun,listening_travel_transport,4,75,IELTS_Listening
cancellation,取消,noun,listening_travel_transport,6,70,IELTS_Listening
carry-on,随身行李,noun,listening_travel_transport,6,70,IELTS_Listening
check-in,办理登机手续,noun,listening_travel_transport,5,80,IELTS_Listening
coach,长途汽车,noun,listening_travel_transport,4,75,IELTS_Listening
conductor,售票员,noun,listening_travel_transport,5,70,IELTS_Listening
connection,连接/转乘,noun,listening_travel_transport,5,75,IELTS_Listening
customs,海关,noun,listening_travel_transport,5,75,IELTS_Listening
delay,延误,noun/verb,listening_travel_transport,5,80,IELTS_Listening
depart,离开,verb,listening_travel_transport,5,80,IELTS_Listening
departure,出发,noun,listening_travel_transport,5,85,IELTS_Listening
destination,目的地,noun,listening_travel_transport,6,80,IELTS_Listening
elevator,电梯,noun,listening_travel_transport,4,75,IELTS_Listening
escalator,自动扶梯,noun,listening_travel_transport,6,70,IELTS_Listening
excursion,短途旅行,noun,listening_travel_transport,6,65,IELTS_Listening
ferry,渡轮,noun,listening_travel_transport,5,70,IELTS_Listening
flight,航班,noun,listening_travel_transport,4,90,IELTS_Listening
gate,登机口,noun,listening_travel_transport,4,80,IELTS_Listening
guidebook,指南,noun,listening_travel_transport,5,70,IELTS_Listening
hitchhike,搭便车,verb,listening_travel_transport,6,65,IELTS_Listening
itinerary,行程,noun,listening_travel_transport,7,65,IELTS_Listening
landing,着陆,noun,listening_travel_transport,5,75,IELTS_Listening
lounge,休息室,noun,listening_travel_transport,5,70,IELTS_Listening
luggage,行李,noun,listening_travel_transport,4,85,IELTS_Listening
metro,地铁,noun,listening_travel_transport,4,75,IELTS_Listening
platform,站台,noun,listening_travel_transport,5,80,IELTS_Listening
porter,搬运工,noun,listening_travel_transport,5,65,IELTS_Listening
reservation,预订,noun,listening_travel_transport,6,80,IELTS_Listening
return ticket,往返票,noun,listening_travel_transport,5,75,IELTS_Listening
round trip,往返,noun,listening_travel_transport,5,75,IELTS_Listening
runway,跑道,noun,listening_travel_transport,5,70,IELTS_Listening
safety belt,安全带,noun,listening_travel_transport,5,70,IELTS_Listening
schedule,时刻表,noun,listening_travel_transport,6,80,IELTS_Listening
single ticket,单程票,noun,listening_travel_transport,5,70,IELTS_Listening
subway,地铁,noun,listening_travel_transport,4,80,IELTS_Listening
takeoff,起飞,noun,listening_travel_transport,5,75,IELTS_Listening
terminal,航站楼,noun,listening_travel_transport,6,75,IELTS_Listening
ticket,票,noun,listening_travel_transport,4,90,IELTS_Listening
timetable,时刻表,noun,listening_travel_transport,5,75,IELTS_Listening
tour,旅行,noun,listening_travel_transport,4,85,IELTS_Listening
tourist,游客,noun,listening_travel_transport,4,85,IELTS_Listening
traffic,交通,noun,listening_travel_transport,4,90,IELTS_Listening
train,火车,noun,listening_travel_transport,4,90,IELTS_Listening
tram,有轨电车,noun,listening_travel_transport,4,70,IELTS_Listening
transfer,转乘,noun,listening_travel_transport,6,75,IELTS_Listening
transit,过境,noun,listening_travel_transport,6,70,IELTS_Listening
transport,运输,noun/verb,listening_travel_transport,5,85,IELTS_Listening
transportation,交通,noun,listening_travel_transport,6,80,IELTS_Listening
travel,旅行,noun/verb,listening_travel_transport,4,90,IELTS_Listening
trolley,手推车,noun,listening_travel_transport,5,65,IELTS_Listening
tunnel,隧道,noun,listening_travel_transport,5,70,IELTS_Listening
underground,地铁,noun,listening_travel_transport,5,75,IELTS_Listening
vehicle,车辆,noun,listening_travel_transport,5,80,IELTS_Listening
visa,签证,noun,listening_travel_transport,5,75,IELTS_Listening
voyage,航行,noun,listening_travel_transport,6,65,IELTS_Listening
waiting room,候车室,noun,listening_travel_transport,5,70,IELTS_Listening
youth hostel,青年旅舍,noun,listening_travel_transport,5,65,IELTS_Listening
allergy,过敏,noun,listening_medical,6,70,IELTS_Listening
ambulance,救护车,noun,listening_medical,5,75,IELTS_Listening
appointment,预约,noun,listening_medical,5,80,IELTS_Listening
aspirin,阿司匹林,noun,listening_medical,5,70,IELTS_Listening
blood pressure,血压,noun,listening_medical,5,75,IELTS_Listening
capsule,胶囊,noun,listening_medical,6,65,IELTS_Listening
chemist,药剂师,noun,listening_medical,5,70,IELTS_Listening
clinic,诊所,noun,listening_medical,5,75,IELTS_Listening
cough,咳嗽,noun/verb,listening_medical,4,80,IELTS_Listening
dentist,牙医,noun,listening_medical,5,75,IELTS_Listening
diagnosis,诊断,noun,listening_medical,7,70,IELTS_Listening
diet,饮食,noun,listening_medical,4,80,IELTS_Listening
dosage,剂量,noun,listening_medical,6,65,IELTS_Listening
dose,剂量,noun,listening_medical,5,70,IELTS_Listening
emergency,紧急情况,noun,listening_medical,6,80,IELTS_Listening
exercise,锻炼,noun/verb,listening_medical,4,90,IELTS_Listening
fever,发烧,noun,listening_medical,4,80,IELTS_Listening
flu,流感,noun,listening_medical,4,75,IELTS_Listening
headache,头痛,noun,listening_medical,4,80,IELTS_Listening
health,健康,noun,listening_medical,4,90,IELTS_Listening
heart attack,心脏病发作,noun,listening_medical,5,70,IELTS_Listening
hospital,医院,noun,listening_medical,4,90,IELTS_Listening
illness,疾病,noun,listening_medical,5,80,IELTS_Listening
immune,免疫的,adjective,listening_medical,6,70,IELTS_Listening
infection,感染,noun,listening_medical,6,75,IELTS_Listening
insomnia,失眠,noun,listening_medical,7,65,IELTS_Listening
medicine,药,noun,listening_medical,4,85,IELTS_Listening
nausea,恶心,noun,listening_medical,6,65,IELTS_Listening
nurse,护士,noun,listening_medical,4,80,IELTS_Listening
operation,手术,noun,listening_medical,5,75,IELTS_Listening
pain,疼痛,noun,listening_medical,4,85,IELTS_Listening
painkiller,止痛药,noun,listening_medical,6,70,IELTS_Listening
patient,病人,noun,listening_medical,4,85,IELTS_Listening
pharmacy,药房,noun,listening_medical,6,75,IELTS_Listening
physician,医生,noun,listening_medical,6,75,IELTS_Listening
pill,药片,noun,listening_medical,4,75,IELTS_Listening
prescription,处方,noun,listening_medical,6,75,IELTS_Listening
receptionist,接待员,noun,listening_medical,6,70,IELTS_Listening
recovery,康复,noun,listening_medical,6,70,IELTS_Listening
side effect,副作用,noun,listening_medical,5,70,IELTS_Listening
stomachache,胃痛,noun,listening_medical,5,70,IELTS_Listening
surgeon,外科医生,noun,listening_medical,6,70,IELTS_Listening
surgery,手术,noun,listening_medical,6,75,IELTS_Listening
symptom,症状,noun,listening_medical,6,75,IELTS_Listening
tablet,药片,noun,listening_medical,4,75,IELTS_Listening
temperature,温度,noun,listening_medical,4,85,IELTS_Listening
treatment,治疗,noun,listening_medical,5,80,IELTS_Listening
vaccination,疫苗接种,noun,listening_medical,7,65,IELTS_Listening
vitamin,维生素,noun,listening_medical,5,75,IELTS_Listening
ward,病房,noun,listening_medical,5,70,IELTS_Listening
X-ray,X光,noun,listening_medical,5,70,IELTS_Listening
antibiotic,抗生素,noun,listening_medical,7,70,IELTS_Listening
astronomy,天文学,noun,reading_science_technology,7,70,IELTS_Reading
biology,生物学,noun,reading_science_technology,6,75,IELTS_Reading
chemistry,化学,noun,reading_science_technology,6,75,IELTS_Reading
physics,物理,noun,reading_science_technology,6,75,IELTS_Reading
genetics,遗传学,noun,reading_science_technology,7,70,IELTS_Reading
evolution,进化,noun,reading_science_technology,7,75,IELTS_Reading
experiment,实验,noun,reading_science_technology,5,80,IELTS_Reading
hypothesis,假设,noun,reading_science_technology,7,70,IELTS_Reading
laboratory,实验室,noun,reading_science_technology,6,75,IELTS_Reading
molecule,分子,noun,reading_science_technology,7,70,IELTS_Reading
organism,有机体,noun,reading_science_technology,7,70,IELTS_Reading
species,物种,noun,reading_science_technology,6,75,IELTS_Reading
algorithm,算法,noun,reading_science_technology,7,75,IELTS_Reading
artificial,人工的,adjective,reading_science_technology,6,80,IELTS_Reading
automation,自动化,noun,reading_science_technology,7,75,IELTS_Reading
breakthrough,突破,noun,reading_science_technology,7,75,IELTS_Reading
cyberspace,网络空间,noun,reading_science_technology,7,70,IELTS_Reading
digital,数字的,adjective,reading_science_technology,6,85,IELTS_Reading
innovation,创新,noun,reading_science_technology,6,80,IELTS_Reading
mechanism,机制,noun,reading_science_technology,6,75,IELTS_Reading
network,网络,noun,reading_science_technology,5,85,IELTS_Reading
satellite,卫星,noun,reading_science_technology,6,75,IELTS_Reading
software,软件,noun,reading_science_technology,5,85,IELTS_Reading
agriculture,农业,noun,reading_environment,6,75,IELTS_Reading
biodiversity,生物多样性,noun,reading_environment,8,70,IELTS_Reading
carbon,碳,noun,reading_environment,5,75,IELTS_Reading
climate,气候,noun,reading_environment,5,85,IELTS_Reading
conservation,保护,noun,reading_environment,6,75,IELTS_Reading
contamination,污染,noun,reading_environment,7,70,IELTS_Reading
deforestation,森林砍伐,noun,reading_environment,8,65,IELTS_Reading
drought,干旱,noun,reading_environment,5,70,IELTS_Reading
ecology,生态学,noun,reading_environment,7,70,IELTS_Reading
ecosystem,生态系统,noun,reading_environment,7,75,IELTS_Reading
emission,排放,noun,reading_environment,6,75,IELTS_Reading
endangered,濒危的,adjective,reading_environment,6,70,IELTS_Reading
erosion,侵蚀,noun,reading_environment,6,65,IELTS_Reading
extinction,灭绝,noun,reading_environment,7,70,IELTS_Reading
flood,洪水,noun,reading_environment,4,75,IELTS_Reading
fossil fuel,化石燃料,noun,reading_environment,6,70,IELTS_Reading
global warming,全球变暖,noun,reading_environment,6,75,IELTS_Reading
greenhouse,温室,noun,reading_environment,6,70,IELTS_Reading
habitat,栖息地,noun,reading_environment,6,75,IELTS_Reading
irrigation,灌溉,noun,reading_environment,7,65,IELTS_Reading
pollutant,污染物,noun,reading_environment,7,70,IELTS_Reading
recycling,回收,noun,reading_environment,6,75,IELTS_Reading
renewable,可再生的,adjective,reading_environment,7,75,IELTS_Reading
sustainable,可持续的,adjective,reading_environment,7,75,IELTS_Reading
addiction,上瘾,noun,reading_health_medicine,6,75,IELTS_Reading
antibody,抗体,noun,reading_health_medicine,7,65,IELTS_Reading
bacteria,细菌,noun,reading_health_medicine,6,75,IELTS_Reading
cardiovascular,心血管的,adjective,reading_health_medicine,8,65,IELTS_Reading
chronic,慢性的,adjective,reading_health_medicine,7,70,IELTS_Reading
diabetes,糖尿病,noun,reading_health_medicine,7,70,IELTS_Reading
epidemic,流行病,noun,reading_health_medicine,7,75,IELTS_Reading
fatigue,疲劳,noun,reading_health_medicine,6,70,IELTS_Reading
hormone,荷尔蒙,noun,reading_health_medicine,6,70,IELTS_Reading
hygiene,卫生,noun,reading_health_medicine,6,70,IELTS_Reading
metabolism,新陈代谢,noun,reading_health_medicine,7,65,IELTS_Reading
nutrition,营养,noun,reading_health_medicine,6,75,IELTS_Reading
obesity,肥胖,noun,reading_health_medicine,7,70,IELTS_Reading
paralysis,瘫痪,noun,reading_health_medicine,7,65,IELTS_Reading
prevention,预防,noun,reading_health_medicine,6,75,IELTS_Reading
protein,蛋白质,noun,reading_health_medicine,6,70,IELTS_Reading
psychiatry,精神病学,noun,reading_health_medicine,8,60,IELTS_Reading
remedy,疗法,noun,reading_health_medicine,6,70,IELTS_Reading
resistance,抵抗力,noun,reading_health_medicine,6,75,IELTS_Reading
therapy,治疗,noun,reading_health_medicine,6,75,IELTS_Reading
tissue,组织,noun,reading_health_medicine,6,70,IELTS_Reading
toxic,有毒的,adjective,reading_health_medicine,6,70,IELTS_Reading
virus,病毒,noun,reading_health_medicine,5,80,IELTS_Reading
wellness,健康,noun,reading_health_medicine,6,70,IELTS_Reading
ancestor,祖先,noun,reading_society_culture,5,75,IELTS_Reading
anthropology,人类学,noun,reading_society_culture,8,60,IELTS_Reading
archeology,考古学,noun,reading_society_culture,8,60,IELTS_Reading
custom,习俗,noun,reading_society_culture,5,75,IELTS_Reading
democracy,民主,noun,reading_society_culture,6,75,IELTS_Reading
discrimination,歧视,noun,reading_society_culture,7,75,IELTS_Reading
diversity,多样性,noun,reading_society_culture,6,75,IELTS_Reading
ethnic,民族的,adjective,reading_society_culture,6,75,IELTS_Reading
heritage,遗产,noun,reading_society_culture,6,70,IELTS_Reading
indigenous,土著的,adjective,reading_society_culture,7,70,IELTS_Reading
inequality,不平等,noun,reading_society_culture,7,70,IELTS_Reading
prejudice,偏见,noun,reading_society_culture,6,70,IELTS_Reading
ritual,仪式,noun,reading_society_culture,6,70,IELTS_Reading
social,社会的,adjective,reading_society_culture,4,90,IELTS_Reading
society,社会,noun,reading_society_culture,4,90,IELTS_Reading
tradition,传统,noun,reading_society_culture,5,80,IELTS_Reading
tribe,部落,noun,reading_society_culture,5,70,IELTS_Reading
urban,城市的,adjective,reading_society_culture,6,75,IELTS_Reading
welfare,福利,noun,reading_society_culture,6,75,IELTS_Reading
adolescent,青少年,noun,reading_psychology,7,70,IELTS_Reading
anxiety,焦虑,noun,reading_psychology,6,75,IELTS_Reading
behavior,行为,noun,reading_psychology,5,85,IELTS_Reading
cognitive,认知的,adjective,reading_psychology,7,70,IELTS_Reading
conscious,有意识的,adjective,reading_psychology,6,75,IELTS_Reading
depression,抑郁,noun,reading_psychology,7,75,IELTS_Reading
disorder,失调,noun,reading_psychology,6,75,IELTS_Reading
emotion,情绪,noun,reading_psychology,5,80,IELTS_Reading
empathy,共情,noun,reading_psychology,7,65,IELTS_Reading
instinct,本能,noun,reading_psychology,6,70,IELTS_Reading
intelligence,智力,noun,reading_psychology,6,80,IELTS_Reading
motivation,动机,noun,reading_psychology,7,75,IELTS_Reading
personality,个性,noun,reading_psychology,6,75,IELTS_Reading
reinforcement,强化,noun,reading_psychology,7,65,IELTS_Reading
self-esteem,自尊,noun,reading_psychology,6,70,IELTS_Reading
sensation,感觉,noun,reading_psychology,6,70,IELTS_Reading
stimulus,刺激,noun,reading_psychology,7,70,IELTS_Reading
subconscious,潜意识,noun,reading_psychology,7,65,IELTS_Reading
syndrome,综合征,noun,reading_psychology,7,70,IELTS_Reading
trait,特征,noun,reading_psychology,6,70,IELTS_Reading
accordingly,相应地,adverb,writing,7,75,IELTS_Writing
acknowledge,承认,verb,writing,6,80,IELTS_Writing
acquire,获得,verb,writing,6,80,IELTS_Writing
adequate,足够的,adjective,writing,6,75,IELTS_Writing
advocate,提倡,verb/noun,writing,7,75,IELTS_Writing
alleviate,减轻,verb,writing,7,70,IELTS_Writing
alternative,替代的,adjective,writing,6,80,IELTS_Writing
anticipate,预期,verb,writing,7,75,IELTS_Writing
apparent,明显的,adjective,writing,6,75,IELTS_Writing
appendix,附录,noun,writing,7,65,IELTS_Writing
applicable,适用的,adjective,writing,7,70,IELTS_Writing
arbitrary,任意的,adjective,writing,7,70,IELTS_Writing
assert,断言,verb,writing,7,75,IELTS_Writing
assign,分配,verb,writing,6,75,IELTS_Writing
assume,假设,verb,writing,6,80,IELTS_Writing
assure,保证,verb,writing,6,75,IELTS_Writing
attach,附加,verb,writing,6,75,IELTS_Writing
attain,达到,verb,writing,7,70,IELTS_Writing
attitude,态度,noun,writing,5,85,IELTS_Writing
attribute,属性,noun,writing,6,75,IELTS_Writing
authority,权威,noun,writing,6,80,IELTS_Writing
automate,自动化,verb,writing,7,70,IELTS_Writing
benefit,益处,noun,writing,5,90,IELTS_Writing
bias,偏见,noun,writing,6,75,IELTS_Writing
breach,违反,noun,writing,7,70,IELTS_Writing
brief,简短的,adjective,writing,5,80,IELTS_Writing
capable,有能力的,adjective,writing,5,80,IELTS_Writing
capacity,容量,noun,writing,6,75,IELTS_Writing
cease,停止,verb,writing,6,70,IELTS_Writing
challenge,挑战,noun,writing,5,85,IELTS_Writing
channel,渠道,noun,writing,6,75,IELTS_Writing
chapter,章节,noun,writing,5,75,IELTS_Writing
chart,图表,noun,writing,5,75,IELTS_Writing
circumstance,情况,noun,writing,6,75,IELTS_Writing
cite,引用,verb,writing,6,75,IELTS_Writing
civil,公民的,adjective,writing,6,75,IELTS_Writing
clarify,澄清,verb,writing,6,75,IELTS_Writing
classic,经典的,adjective,writing,6,75,IELTS_Writing
clause,条款,noun,writing,6,70,IELTS_Writing
code,代码,noun,writing,5,75,IELTS_Writing
coherent,连贯的,adjective,writing,7,70,IELTS_Writing
coincide,巧合,verb,writing,7,65,IELTS_Writing
collapse,崩溃,noun/verb,writing,6,75,IELTS_Writing
colleague,同事,noun,writing,5,80,IELTS_Writing
commence,开始,verb,writing,6,70,IELTS_Writing
comment,评论,noun,writing,5,85,IELTS_Writing
commission,委员会,noun,writing,6,75,IELTS_Writing
commit,承诺,verb,writing,6,75,IELTS_Writing
commodity,商品,noun,writing,7,70,IELTS_Writing
communicate,交流,verb,writing,5,85,IELTS_Writing
compatible,兼容的,adjective,writing,7,70,IELTS_Writing
compensate,补偿,verb,writing,6,75,IELTS_Writing
compile,编译,verb,writing,7,70,IELTS_Writing
complement,补充,noun,writing,7,70,IELTS_Writing
complex,复杂的,adjective,writing,5,85,IELTS_Writing
complicate,使复杂,verb,writing,6,75,IELTS_Writing
component,组件,noun,writing,6,75,IELTS_Writing
compose,组成,verb,writing,6,75,IELTS_Writing
compound,化合物,noun,writing,6,70,IELTS_Writing
comprehensive,全面的,adjective,writing,6,75,IELTS_Writing
comprise,包含,verb,writing,6,75,IELTS_Writing
compute,计算,verb,writing,6,70,IELTS_Writing
conceive,构想,verb,writing,7,70,IELTS_Writing
concentrate,集中,verb,writing,5,75,IELTS_Writing
concept,概念,noun,writing,5,85,IELTS_Writing
conclude,总结,verb,writing,6,80,IELTS_Writing
concurrent,同时的,adjective,writing,7,65,IELTS_Writing
conduct,进行,verb,writing,6,80,IELTS_Writing
confer,授予,verb,writing,7,70,IELTS_Writing
confine,限制,verb,writing,6,75,IELTS_Writing
confirm,确认,verb,writing,5,85,IELTS_Writing
conflict,冲突,noun,writing,5,85,IELTS_Writing
conform,符合,verb,writing,6,75,IELTS_Writing
consent,同意,noun,writing,6,70,IELTS_Writing
considerable,相当的,adjective,writing,6,75,IELTS_Writing
consist,由...组成,verb,writing,5,80,IELTS_Writing
constant,持续的,adjective,writing,5,80,IELTS_Writing
constitute,构成,verb,writing,6,80,IELTS_Writing
constrain,限制,verb,writing,6,75,IELTS_Writing
construct,构建,verb,writing,6,75,IELTS_Writing
consult,咨询,verb,writing,6,75,IELTS_Writing
consume,消费,verb,writing,6,75,IELTS_Writing
contact,联系,noun,writing,5,85,IELTS_Writing
contemporary,当代的,adjective,writing,6,75,IELTS_Writing
context,上下文,noun,writing,5,85,IELTS_Writing
contract,合同,noun,writing,5,80,IELTS_Writing
contradict,矛盾,verb,writing,6,75,IELTS_Writing
contrary,相反的,adjective,writing,6,70,IELTS_Writing
contrast,对比,noun,writing,5,80,IELTS_Writing
contribute,贡献,verb,writing,6,80,IELTS_Writing
controversy,争议,noun,writing,6,75,IELTS_Writing
convene,召集,verb,writing,6,70,IELTS_Writing
converse,交谈,verb,writing,6,70,IELTS_Writing
convert,转换,verb,writing,6,75,IELTS_Writing
convince,说服,verb,writing,5,80,IELTS_Writing
cooperate,合作,verb,writing,6,75,IELTS_Writing
coordinate,协调,verb,writing,6,75,IELTS_Writing
core,核心,noun,writing,5,80,IELTS_Writing
corporate,公司的,adjective,writing,6,75,IELTS_Writing
correspond,对应,verb,writing,6,75,IELTS_Writing
criteria,标准,noun,writing,6,75,IELTS_Writing
crucial,关键的,adjective,writing,6,80,IELTS_Writing
data,数据,noun,writing,5,90,IELTS_Writing
debate,辩论,noun,writing,5,80,IELTS_Writing
decade,十年,noun,writing,5,80,IELTS_Writing
decline,下降,noun,writing,5,80,IELTS_Writing
deduce,推断,verb,writing,7,65,IELTS_Writing
define,定义,verb,writing,5,85,IELTS_Writing
definite,明确的,adjective,writing,5,80,IELTS_Writing
demonstrate,证明,verb,writing,6,80,IELTS_Writing
denote,表示,verb,writing,7,70,IELTS_Writing
deny,否认,verb,writing,5,80,IELTS_Writing
depress,压抑,verb,writing,6,70,IELTS_Writing
derive,推导,verb,writing,6,75,IELTS_Writing
design,设计,noun,writing,5,85,IELTS_Writing
despite,尽管,preposition,writing,5,85,IELTS_Writing
detect,检测,verb,writing,6,75,IELTS_Writing
deviate,偏离,verb,writing,7,65,IELTS_Writing
device,装置,noun,writing,5,80,IELTS_Writing
devise,设计,verb,writing,7,70,IELTS_Writing
differentiate,区分,verb,writing,7,70,IELTS_Writing
diminish,减少,verb,writing,6,75,IELTS_Writing
discrete,离散的,adjective,writing,7,65,IELTS_Writing
discriminate,歧视,verb,writing,6,75,IELTS_Writing
displace,取代,verb,writing,6,75,IELTS_Writing
display,显示,noun,writing,5,80,IELTS_Writing
dispose,处理,verb,writing,6,70,IELTS_Writing
distinct,明显的,adjective,writing,6,75,IELTS_Writing
distort,扭曲,verb,writing,7,70,IELTS_Writing
distribute,分配,verb,writing,6,75,IELTS_Writing
diverse,多样的,adjective,writing,6,75,IELTS_Writing
document,文件,noun,writing,5,80,IELTS_Writing
domain,领域,noun,writing,6,70,IELTS_Writing
domestic,国内的,adjective,writing,6,75,IELTS_Writing
draft,草稿,noun,writing,5,75,IELTS_Writing
drama,戏剧,noun,writing,5,70,IELTS_Writing
duration,持续,noun,writing,6,70,IELTS_Writing
dynamic,动态的,adjective,writing,6,75,IELTS_Writing
economy,经济,noun,writing,5,85,IELTS_Writing
edit,编辑,verb,writing,5,75,IELTS_Writing
element,元素,noun,writing,5,80,IELTS_Writing
eliminate,消除,verb,writing,6,75,IELTS_Writing
emerge,出现,verb,writing,5,80,IELTS_Writing
emphasis,强调,noun,writing,6,80,IELTS_Writing
empirical,实证的,adjective,writing,7,70,IELTS_Writing
enable,使能,verb,writing,5,80,IELTS_Writing
encounter,遇到,verb,writing,6,75,IELTS_Writing
energy,能量,noun,writing,4,85,IELTS_Writing
enforce,执行,verb,writing,6,75,IELTS_Writing
enhance,增强,verb,writing,6,80,IELTS_Writing
enormous,巨大的,adjective,writing,5,75,IELTS_Writing
ensure,确保,verb,writing,5,85,IELTS_Writing
entity,实体,noun,writing,6,70,IELTS_Writing
environment,环境,noun,writing,5,90,IELTS_Writing
equate,等同,verb,writing,6,70,IELTS_Writing
equip,装备,verb,writing,5,75,IELTS_Writing
equivalent,等价的,adjective,writing,6,75,IELTS_Writing
erode,侵蚀,verb,writing,6,70,IELTS_Writing
error,错误,noun,writing,5,80,IELTS_Writing
establish,建立,verb,writing,5,85,IELTS_Writing
estate,地产,noun,writing,6,70,IELTS_Writing
estimate,估计,noun,writing,5,80,IELTS_Writing
ethic,伦理,noun,writing,6,75,IELTS_Writing
evaluate,评估,verb,writing,6,80,IELTS_Writing
eventual,最终的,adjective,writing,6,75,IELTS_Writing
evolve,进化,verb,writing,6,75,IELTS_Writing
exceed,超过,verb,writing,6,75,IELTS_Writing
exclude,排除,verb,writing,6,75,IELTS_Writing
exhibit,展示,verb,writing,6,75,IELTS_Writing
expand,扩展,verb,writing,5,80,IELTS_Writing
expert,专家,noun,writing,5,85,IELTS_Writing
explicit,明确的,adjective,writing,6,75,IELTS_Writing
exploit,利用,verb,writing,6,75,IELTS_Writing
export,出口,noun,writing,5,80,IELTS_Writing
expose,暴露,verb,writing,6,75,IELTS_Writing
extract,提取,verb,writing,6,75,IELTS_Writing
facilitate,促进,verb,writing,6,75,IELTS_Writing
factor,因素,noun,writing,5,85,IELTS_Writing
feature,特征,noun,writing,5,85,IELTS_Writing
federal,联邦的,adjective,writing,6,75,IELTS_Writing
fee,费用,noun,writing,5,75,IELTS_Writing
file,文件,noun,writing,4,85,IELTS_Writing
final,最终的,adjective,writing,4,85,IELTS_Writing
finance,金融,noun,writing,6,80,IELTS_Writing
finite,有限的,adjective,writing,7,70,IELTS_Writing
flexible,灵活的,adjective,writing,6,75,IELTS_Writing
fluctuate,波动,verb,writing,6,70,IELTS_Writing
focus,焦点,noun,writing,5,85,IELTS_Writing
format,格式,noun,writing,5,80,IELTS_Writing
formula,公式,noun,writing,6,75,IELTS_Writing
forthcoming,即将到来的,adjective,writing,7,65,IELTS_Writing
found,建立,verb,writing,6,75,IELTS_Writing
framework,框架,noun,writing,6,75,IELTS_Writing
function,功能,noun,writing,5,85,IELTS_Writing
fund,资金,noun,writing,5,80,IELTS_Writing
fundamental,基本的,adjective,writing,6,75,IELTS_Writing
furthermore,此外,adverb,writing,6,75,IELTS_Writing
generate,产生,verb,writing,6,80,IELTS_Writing
globe,地球,noun,writing,5,75,IELTS_Writing
goal,目标,noun,writing,4,85,IELTS_Writing
grant,授予,noun,writing,5,75,IELTS_Writing
guarantee,保证,noun,writing,6,75,IELTS_Writing
guideline,指南,noun,writing,6,75,IELTS_Writing
hence,因此,adverb,writing,6,70,IELTS_Writing
hierarchy,等级制度,noun,writing,7,65,IELTS_Writing
highlight,强调,verb,writing,6,75,IELTS_Writing
identical,相同的,adjective,writing,6,75,IELTS_Writing
identify,识别,verb,writing,5,85,IELTS_Writing
ideology,意识形态,noun,writing,7,70,IELTS_Writing
ignore,忽视,verb,writing,5,80,IELTS_Writing
illustrate,说明,verb,writing,6,75,IELTS_Writing
image,图像,noun,writing,5,85,IELTS_Writing
immigrate,移民,verb,writing,6,75,IELTS_Writing
impact,影响,noun,writing,5,85,IELTS_Writing
implement,实施,verb,writing,6,75,IELTS_Writing
implicate,牵连,verb,writing,7,65,IELTS_Writing
imply,暗示,verb,writing,6,80,IELTS_Writing
impose,强加,verb,writing,6,75,IELTS_Writing
incentive,激励,noun,writing,6,75,IELTS_Writing
incidence,发生率,noun,writing,6,70,IELTS_Writing
incline,倾斜,verb,writing,6,70,IELTS_Writing
income,收入,noun,writing,5,85,IELTS_Writing
incorporate,合并,verb,writing,6,75,IELTS_Writing
index,指数,noun,writing,6,75,IELTS_Writing
indicate,表明,verb,writing,5,85,IELTS_Writing
individual,个人的,adjective,writing,5,85,IELTS_Writing
induce,诱导,verb,writing,7,70,IELTS_Writing
inevitable,不可避免的,adjective,writing,6,75,IELTS_Writing
infer,推断,verb,writing,6,75,IELTS_Writing
infrastructure,基础设施,noun,writing,7,75,IELTS_Writing
inherent,固有的,adjective,writing,7,70,IELTS_Writing
inhibit,抑制,verb,writing,7,70,IELTS_Writing
initial,最初的,adjective,writing,5,80,IELTS_Writing
initiate,开始,verb,writing,6,75,IELTS_Writing
injure,伤害,verb,writing,5,75,IELTS_Writing
innovate,创新,verb,writing,6,75,IELTS_Writing
input,输入,noun,writing,5,75,IELTS_Writing
insert,插入,verb,writing,6,75,IELTS_Writing
insight,洞察,noun,writing,6,75,IELTS_Writing
inspect,检查,verb,writing,6,70,IELTS_Writing
instance,例子,noun,writing,5,80,IELTS_Writing
institute,机构,noun,writing,6,75,IELTS_Writing
instruct,指导,verb,writing,6,75,IELTS_Writing
integral,完整的,adjective,writing,7,70,IELTS_Writing
integrate,整合,verb,writing,6,75,IELTS_Writing
integrity,正直,noun,writing,7,70,IELTS_Writing
intense,强烈的,adjective,writing,6,75,IELTS_Writing
interact,互动,verb,writing,6,75,IELTS_Writing
intermediate,中间的,adjective,writing,6,70,IELTS_Writing
internal,内部的,adjective,writing,6,75,IELTS_Writing
interpret,解释,verb,writing,6,80,IELTS_Writing
interval,间隔,noun,writing,6,70,IELTS_Writing
intervene,干预,verb,writing,6,75,IELTS_Writing
intrinsic,内在的,adjective,writing,7,70,IELTS_Writing
invest,投资,verb,writing,6,75,IELTS_Writing
investigate,调查,verb,writing,6,80,IELTS_Writing
involve,涉及,verb,writing,5,85,IELTS_Writing
isolate,隔离,verb,writing,6,75,IELTS_Writing
issue,问题,noun,writing,5,90,IELTS_Writing
item,项目,noun,writing,4,85,IELTS_Writing
job,工作,noun,writing,3,90,IELTS_Writing
journal,期刊,noun,writing,6,75,IELTS_Writing
justify,证明正当,verb,writing,6,75,IELTS_Writing
label,标签,noun,writing,5,75,IELTS_Writing
labour,劳动,noun,writing,6,75,IELTS_Writing
layer,层,noun,writing,5,75,IELTS_Writing
legal,合法的,adjective,writing,5,80,IELTS_Writing
levy,征税,noun,writing,7,65,IELTS_Writing
liberal,自由的,adjective,writing,6,70,IELTS_Writing
likewise,同样,adverb,writing,6,70,IELTS_Writing
link,链接,noun,writing,5,85,IELTS_Writing
locate,定位,verb,writing,5,80,IELTS_Writing
logic,逻辑,noun,writing,5,80,IELTS_Writing
maintain,维持,verb,writing,5,85,IELTS_Writing
manipulate,操纵,verb,writing,6,75,IELTS_Writing
manual,手册,noun,writing,6,70,IELTS_Writing
margin,边缘,noun,writing,6,70,IELTS_Writing
mature,成熟的,adjective,writing,6,75,IELTS_Writing
maximize,最大化,verb,writing,6,75,IELTS_Writing
media,媒体,noun,writing,5,85,IELTS_Writing
mediate,调解,verb,writing,6,70,IELTS_Writing
medical,医学的,adjective,writing,5,80,IELTS_Writing
medium,媒介,noun,writing,6,75,IELTS_Writing
mental,精神的,adjective,writing,6,75,IELTS_Writing
method,方法,noun,writing,5,85,IELTS_Writing
migrate,迁移,verb,writing,6,75,IELTS_Writing
military,军事的,adjective,writing,6,75,IELTS_Writing
minimal,最小的,adjective,writing,6,75,IELTS_Writing
minimize,最小化,verb,writing,6,75,IELTS_Writing
minimum,最小值,noun,writing,6,75,IELTS_Writing
ministry,部,noun,writing,6,70,IELTS_Writing
minor,较小的,adjective,writing,5,75,IELTS_Writing
mode,模式,noun,writing,5,75,IELTS_Writing
modify,修改,verb,writing,6,75,IELTS_Writing
monitor,监控,noun,writing,6,75,IELTS_Writing
motive,动机,noun,writing,6,70,IELTS_Writing
mutual,相互的,adjective,writing,6,75,IELTS_Writing
negate,否定,verb,writing,6,70,IELTS_Writing
neutral,中立的,adjective,writing,6,75,IELTS_Writing
nevertheless,然而,adverb,writing,6,75,IELTS_Writing
nonetheless,尽管如此,adverb,writing,6,75,IELTS_Writing
norm,规范,noun,writing,6,70,IELTS_Writing
normal,正常的,adjective,writing,4,85,IELTS_Writing
notion,概念,noun,writing,6,75,IELTS_Writing
notwithstanding,尽管,preposition,writing,7,65,IELTS_Writing
nuclear,核的,adjective,writing,6,75,IELTS_Writing
objective,客观的,adjective,writing,6,80,IELTS_Writing
obtain,获得,verb,writing,5,80,IELTS_Writing
obvious,明显的,adjective,writing,5,80,IELTS_Writing
occasion,场合,noun,writing,5,75,IELTS_Writing
occupy,占据,verb,writing,5,80,IELTS_Writing
occur,发生,verb,writing,5,85,IELTS_Writing
odd,奇怪的,adjective,writing,5,70,IELTS_Writing
offset,抵消,verb,writing,6,70,IELTS_Writing
ongoing,持续的,adjective,writing,6,75,IELTS_Writing
option,选项,noun,writing,5,80,IELTS_Writing
orient,定向,verb,writing,6,70,IELTS_Writing
outcome,结果,noun,writing,6,80,IELTS_Writing
output,输出,noun,writing,6,75,IELTS_Writing
overall,总的,adjective,writing,5,80,IELTS_Writing
overlap,重叠,noun,writing,6,70,IELTS_Writing
overseas,海外的,adjective,writing,6,75,IELTS_Writing
panel,小组,noun,writing,6,75,IELTS_Writing
paradigm,范式,noun,writing,7,70,IELTS_Writing
paragraph,段落,noun,writing,5,85,IELTS_Writing
parallel,平行的,adjective,writing,6,75,IELTS_Writing
parameter,参数,noun,writing,7,70,IELTS_Writing
participate,参与,verb,writing,6,75,IELTS_Writing
partner,伙伴,noun,writing,5,80,IELTS_Writing
passive,被动的,adjective,writing,6,75,IELTS_Writing
perceive,感知,verb,writing,6,75,IELTS_Writing
percent,百分比,noun,writing,4,85,IELTS_Writing
period,时期,noun,writing,4,85,IELTS_Writing
permanent,永久的,adjective,writing,6,75,IELTS_Writing
persist,坚持,verb,writing,6,75,IELTS_Writing
perspective,视角,noun,writing,6,75,IELTS_Writing
phase,阶段,noun,writing,5,75,IELTS_Writing
phenomenon,现象,noun,writing,7,75,IELTS_Writing
philosophy,哲学,noun,writing,6,75,IELTS_Writing
physical,物理的,adjective,writing,5,85,IELTS_Writing
plus,加,preposition,writing,4,80,IELTS_Writing
policy,政策,noun,writing,5,85,IELTS_Writing
portion,部分,noun,writing,6,75,IELTS_Writing
pose,姿势,noun,writing,5,75,IELTS_Writing
positive,积极的,adjective,writing,5,85,IELTS_Writing
potential,潜在的,adjective,writing,6,80,IELTS_Writing
practitioner,从业者,noun,writing,7,70,IELTS_Writing
precede,先于,verb,writing,6,70,IELTS_Writing
precise,精确的,adjective,writing,6,75,IELTS_Writing
predict,预测,verb,writing,5,80,IELTS_Writing
predominant,主导的,adjective,writing,7,70,IELTS_Writing
preliminary,初步的,adjective,writing,7,70,IELTS_Writing
presume,假定,verb,writing,6,70,IELTS_Writing
previous,以前的,adjective,writing,5,80,IELTS_Writing
primary,主要的,adjective,writing,5,80,IELTS_Writing
prime,主要的,adjective,writing,6,75,IELTS_Writing
principal,主要的,adjective,writing,6,75,IELTS_Writing
principle,原则,noun,writing,5,85,IELTS_Writing
prior,在先的,adjective,writing,6,75,IELTS_Writing
priority,优先,noun,writing,6,75,IELTS_Writing
proceed,继续进行,verb,writing,5,80,IELTS_Writing
process,过程,noun,writing,5,85,IELTS_Writing
professional,专业的,adjective,writing,5,85,IELTS_Writing
prohibit,禁止,verb,writing,6,75,IELTS_Writing
promote,促进,verb,writing,6,80,IELTS_Writing
proportion,比例,noun,writing,6,75,IELTS_Writing
prospect,前景,noun,writing,6,75,IELTS_Writing
protocol,协议,noun,writing,7,70,IELTS_Writing
psychology,心理学,noun,writing,6,75,IELTS_Writing
publication,出版物,noun,writing,6,75,IELTS_Writing
publish,出版,verb,writing,5,80,IELTS_Writing
purchase,购买,noun,writing,5,80,IELTS_Writing
pursue,追求,verb,writing,6,75,IELTS_Writing
qualitative,定性的,adjective,writing,7,70,IELTS_Writing
quote,引用,noun,writing,5,75,IELTS_Writing
radical,激进的,adjective,writing,6,75,IELTS_Writing
random,随机的,adjective,writing,6,75,IELTS_Writing
range,范围,noun,writing,5,85,IELTS_Writing
ratio,比例,noun,writing,6,75,IELTS_Writing
rational,理性的,adjective,writing,6,75,IELTS_Writing
react,反应,verb,writing,5,80,IELTS_Writing
recover,恢复,verb,writing,5,75,IELTS_Writing
refine,提炼,verb,writing,6,75,IELTS_Writing
regime,政权,noun,writing,6,75,IELTS_Writing
region,地区,noun,writing,5,80,IELTS_Writing
register,注册,verb,writing,5,80,IELTS_Writing
regulate,调节,verb,writing,6,75,IELTS_Writing
reinforce,加强,verb,writing,6,75,IELTS_Writing
reject,拒绝,verb,writing,5,80,IELTS_Writing
relate,关联,verb,writing,5,85,IELTS_Writing
relative,相对的,adjective,writing,5,80,IELTS_Writing
relevant,相关的,adjective,writing,6,80,IELTS_Writing
reluctance,勉强,noun,writing,6,70,IELTS_Writing
rely,依赖,verb,writing,5,80,IELTS_Writing
remove,移除,verb,writing,5,80,IELTS_Writing
require,需要,verb,writing,5,85,IELTS_Writing
reside,居住,verb,writing,6,70,IELTS_Writing
resolve,解决,verb,writing,5,80,IELTS_Writing
resource,资源,noun,writing,5,85,IELTS_Writing
respond,回应,verb,writing,5,80,IELTS_Writing
responsible,负责的,adjective,writing,5,80,IELTS_Writing
restrict,限制,verb,writing,6,75,IELTS_Writing
retain,保留,verb,writing,6,75,IELTS_Writing
reveal,揭示,verb,writing,6,80,IELTS_Writing
revenue,收入,noun,writing,6,75,IELTS_Writing
reverse,反向,verb,writing,6,75,IELTS_Writing
revise,修订,verb,writing,6,75,IELTS_Writing
revolution,革命,noun,writing,5,80,IELTS_Writing
rigid,严格的,adjective,writing,6,75,IELTS_Writing
role,角色,noun,writing,5,85,IELTS_Writing
route,路线,noun,writing,5,75,IELTS_Writing
scenario,情景,noun,writing,6,75,IELTS_Writing
scheme,计划,noun,writing,6,75,IELTS_Writing
scope,范围,noun,writing,6,75,IELTS_Writing
section,部分,noun,writing,5,85,IELTS_Writing
sector,部门,noun,writing,6,75,IELTS_Writing
secure,安全的,adjective,writing,5,80,IELTS_Writing
seek,寻找,verb,writing,5,80,IELTS_Writing
select,选择,verb,writing,5,80,IELTS_Writing
sequence,序列,noun,writing,6,75,IELTS_Writing
series,系列,noun,writing,5,80,IELTS_Writing
sex,性别,noun,writing,5,80,IELTS_Writing
shift,转变,noun,writing,5,80,IELTS_Writing
significant,重要的,adjective,writing,5,85,IELTS_Writing
similar,相似的,adjective,writing,5,85,IELTS_Writing
simulate,模拟,verb,writing,6,75,IELTS_Writing
site,地点,noun,writing,5,80,IELTS_Writing
so-called,所谓的,adjective,writing,6,70,IELTS_Writing
sole,唯一的,adjective,writing,6,70,IELTS_Writing
somewhat,有点,adverb,writing,5,75,IELTS_Writing
source,来源,noun,writing,5,85,IELTS_Writing
specific,具体的,adjective,writing,5,85,IELTS_Writing
specify,指定,verb,writing,6,75,IELTS_Writing
sphere,球体,noun,writing,6,70,IELTS_Writing
stable,稳定的,adjective,writing,6,75,IELTS_Writing
statistic,统计,noun,writing,6,80,IELTS_Writing
status,地位,noun,writing,5,80,IELTS_Writing
straightforward,直截了当的,adjective,writing,6,70,IELTS_Writing
strategy,策略,noun,writing,6,80,IELTS_Writing
stress,压力,noun,writing,5,80,IELTS_Writing
structure,结构,noun,writing,5,85,IELTS_Writing
style,风格,noun,writing,5,80,IELTS_Writing
submit,提交,verb,writing,6,75,IELTS_Writing
subordinate,下属的,adjective,writing,7,65,IELTS_Writing
subsequent,随后的,adjective,writing,6,75,IELTS_Writing
subsidy,补贴,noun,writing,7,70,IELTS_Writing
substitute,替代,noun,writing,6,75,IELTS_Writing
successor,继任者,noun,writing,6,70,IELTS_Writing
sufficient,足够的,adjective,writing,6,75,IELTS_Writing
sum,总和,noun,writing,5,75,IELTS_Writing
summary,总结,noun,writing,5,80,IELTS_Writing
supplement,补充,noun,writing,6,75,IELTS_Writing
survey,调查,noun,writing,6,80,IELTS_Writing
survive,生存,verb,writing,5,80,IELTS_Writing
symbol,符号,noun,writing,5,75,IELTS_Writing
tape,磁带,noun,writing,5,70,IELTS_Writing
task,任务,noun,writing,4,85,IELTS_Writing
team,团队,noun,writing,4,85,IELTS_Writing
technical,技术的,adjective,writing,5,85,IELTS_Writing
technique,技术,noun,writing,6,80,IELTS_Writing
technology,技术,noun,writing,5,85,IELTS_Writing
temporary,临时的,adjective,writing,6,75,IELTS_Writing
tense,紧张的,adjective,writing,5,75,IELTS_Writing
terminate,终止,verb,writing,6,75,IELTS_Writing
text,文本,noun,writing,5,85,IELTS_Writing
theme,主题,noun,writing,5,75,IELTS_Writing
theory,理论,noun,writing,5,85,IELTS_Writing
thereby,因此,adverb,writing,6,70,IELTS_Writing
topic,主题,noun,writing,4,85,IELTS_Writing
trace,追踪,noun,writing,5,75,IELTS_Writing
transform,转变,verb,writing,6,75,IELTS_Writing
transmit,传输,verb,writing,6,75,IELTS_Writing
trend,趋势,noun,writing,5,80,IELTS_Writing
trigger,触发,verb,writing,6,75,IELTS_Writing
ultimately,最终,adverb,writing,6,75,IELTS_Writing
undergo,经历,verb,writing,6,75,IELTS_Writing
underlie,构成基础,verb,writing,7,70,IELTS_Writing
undertake,承担,verb,writing,6,75,IELTS_Writing
uniform,统一的,adjective,writing,5,75,IELTS_Writing
unify,统一,verb,writing,6,75,IELTS_Writing
unique,独特的,adjective,writing,5,80,IELTS_Writing
utilize,利用,verb,writing,6,75,IELTS_Writing
valid,有效的,adjective,writing,6,75,IELTS_Writing
vary,变化,verb,writing,5,80,IELTS_Writing
version,版本,noun,writing,5,80,IELTS_Writing
via,通过,preposition,writing,5,80,IELTS_Writing
violate,违反,verb,writing,6,75,IELTS_Writing
virtual,虚拟的,adjective,writing,6,80,IELTS_Writing
visible,可见的,adjective,writing,5,75,IELTS_Writing
vision,视觉,noun,writing,5,75,IELTS_Writing
visual,视觉的,adjective,writing,6,75,IELTS_Writing
volume,卷,noun,writing,5,80,IELTS_Writing
voluntary,自愿的,adjective,writing,6,75,IELTS_Writing
whereas,然而,conjunction,writing,6,75,IELTS_Writing
widespread,广泛的,adjective,writing,6,75,IELTS_Writing
wisdom,智慧,noun,writing,6,70,IELTS_Writing
withdraw,撤回,verb,writing,6,75,IELTS_Writing
actually,实际上,adverb,speaking,4,90,IELTS_Speaking
basically,基本上,adverb,speaking,4,85,IELTS_Speaking
certainly,当然,adverb,speaking,4,85,IELTS_Speaking
definitely,肯定,adverb,speaking,4,85,IELTS_Speaking
honestly,诚实地,adverb,speaking,4,80,IELTS_Speaking
literally,字面上,adverb,speaking,5,80,IELTS_Speaking
obviously,显然,adverb,speaking,4,85,IELTS_Speaking
personally,就个人而言,adverb,speaking,4,85,IELTS_Speaking
probably,可能,adverb,speaking,4,85,IELTS_Speaking
simply,简单地,adverb,speaking,4,85,IELTS_Speaking
supposedly,据说,adverb,speaking,5,75,IELTS_Speaking
totally,完全,adverb,speaking,4,85,IELTS_Speaking
essentially,本质上,adverb,speaking,6,75,IELTS_Speaking
fortunately,幸运地,adverb,speaking,5,75,IELTS_Speaking
frankly,坦率地,adverb,speaking,5,75,IELTS_Speaking
generally,一般,adverb,speaking,4,85,IELTS_Speaking
hopefully,希望,adverb,speaking,4,80,IELTS_Speaking
ideally,理想地,adverb,speaking,5,75,IELTS_Speaking
incidentally,顺便,adverb,speaking,6,70,IELTS_Speaking
interestingly,有趣的是,adverb,speaking,5,75,IELTS_Speaking
luckily,幸运地,adverb,speaking,4,75,IELTS_Speaking
mainly,主要,adverb,speaking,4,85,IELTS_Speaking
mostly,主要,adverb,speaking,4,80,IELTS_Speaking
naturally,自然地,adverb,speaking,4,80,IELTS_Speaking
normally,通常,adverb,speaking,4,85,IELTS_Speaking
originally,最初,adverb,speaking,5,80,IELTS_Speaking
particularly,特别,adverb,speaking,5,85,IELTS_Speaking
perhaps,也许,adverb,speaking,4,85,IELTS_Speaking
possibly,可能,adverb,speaking,4,80,IELTS_Speaking
practically,实际上,adverb,speaking,5,75,IELTS_Speaking
presumably,大概,adverb,speaking,6,70,IELTS_Speaking
rarely,很少,adverb,speaking,4,80,IELTS_Speaking
really,真地,adverb,speaking,3,95,IELTS_Speaking
relatively,相对,adverb,speaking,5,80,IELTS_Speaking
seriously,认真地,adverb,speaking,4,80,IELTS_Speaking
slightly,稍微,adverb,speaking,4,80,IELTS_Speaking
somehow,以某种方式,adverb,speaking,4,75,IELTS_Speaking
strongly,强烈,adverb,speaking,4,80,IELTS_Speaking
surprisingly,令人惊讶,adverb,speaking,5,75,IELTS_Speaking
typically,典型地,adverb,speaking,5,80,IELTS_Speaking
unfortunately,不幸,adverb,speaking,4,80,IELTS_Speaking
virtually,几乎,adverb,speaking,5,80,IELTS_Speaking
wonderfully,精彩地,adverb,speaking,4,75,IELTS_Speaking
according to,根据,phrase,academic_phrases,5,90,Academic_Phrases
as a result,因此,phrase,academic_phrases,5,85,Academic_Phrases
as well as,以及,phrase,academic_phrases,4,90,Academic_Phrases
based on,基于,phrase,academic_phrases,5,85,Academic_Phrases
because of,因为,phrase,academic_phrases,4,90,Academic_Phrases
by means of,通过,phrase,academic_phrases,5,75,Academic_Phrases
due to,由于,phrase,academic_phrases,5,85,Academic_Phrases
for example,例如,phrase,academic_phrases,4,90,Academic_Phrases
for instance,例如,phrase,academic_phrases,5,85,Academic_Phrases
in addition,此外,phrase,academic_phrases,5,85,Academic_Phrases
in case of,万一,phrase,academic_phrases,5,75,Academic_Phrases
in contrast,相比之下,phrase,academic_phrases,5,80,Academic_Phrases
in fact,事实上,phrase,academic_phrases,4,85,Academic_Phrases
in general,一般来说,phrase,academic_phrases,5,80,Academic_Phrases
in order to,为了,phrase,academic_phrases,4,90,Academic_Phrases
in other words,换句话说,phrase,academic_phrases,5,80,Academic_Phrases
in particular,特别是,phrase,academic_phrases,5,80,Academic_Phrases
in relation to,关于,phrase,academic_phrases,6,75,Academic_Phrases
in terms of,就...而言,phrase,academic_phrases,5,85,Academic_Phrases
in turn,转而,phrase,academic_phrases,5,75,Academic_Phrases
instead of,代替,phrase,academic_phrases,5,85,Academic_Phrases
moreover,而且,adverb,academic_phrases,5,85,Academic_Phrases
on average,平均,phrase,academic_phrases,5,75,Academic_Phrases
on the other hand,另一方面,phrase,academic_phrases,5,85,Academic_Phrases
on the contrary,相反,phrase,academic_phrases,5,75,Academic_Phrases
prior to,在...之前,phrase,academic_phrases,6,70,Academic_Phrases
such as,例如,phrase,academic_phrases,4,90,Academic_Phrases
that is,即,phrase,academic_phrases,5,80,Academic_Phrases
with regard to,关于,phrase,academic_phrases,5,75,Academic_Phrases
with respect to,关于,phrase,academic_phrases,6,75,Academic_Phrases
